obsID,obs_collection,dataproduct_type,obs_id,description,type,dataURI,productType,productGroupDescription,productSubGroupDescription,productDocumentationURL,project,prvversion,proposal_id,productFilename,size,parent_obsid,dataRights,calib_level,filters
26572279,HST,image,hst_12582_05_wfc3_uvis_f275w_ibxb05,HAP fits science image,D,mast:HST/product/hst_12582_05_wfc3_uvis_f275w_ibxb05_drc.fits,SCIENCE,Minimum Recommended Products,DRC,,HAP-SVM,DrizzlePac 3.10.0,12582,hst_12582_05_wfc3_uvis_f275w_ibxb05_drc.fits,100431360,24807146,PUBLIC,3,F275W
26572255,HST,image,hst_12582_05_wfc3_uvis_f275w_ibxb05h0,HAP fits science image,D,mast:HST/product/hst_12582_05_wfc3_uvis_f275w_ibxb05h0_drc.fits,SCIENCE,,DRC,,HAP-SVM,DrizzlePac 3.10.0,12582,hst_12582_05_wfc3_uvis_f275w_ibxb05h0_drc.fits,100428480,24807146,PUBLIC,2,F275W
26572234,HST,image,hst_12582_05_wfc3_uvis_f275w_ibxb05h4,HAP fits science image,D,mast:HST/product/hst_12582_05_wfc3_uvis_f275w_ibxb05h4_drc.fits,SCIENCE,,DRC,,HAP-SVM,DrizzlePac 3.10.0,12582,hst_12582_05_wfc3_uvis_f275w_ibxb05h4_drc.fits,100428480,24807146,PUBLIC,2,F275W
26572284,HST,image,hst_12582_05_wfc3_uvis_total_ibxb05,HAP fits science image,D,mast:HST/product/hst_12582_05_wfc3_uvis_total_ibxb05_drc.fits,SCIENCE,,DRC,,HAP-SVM,DrizzlePac 3.10.0,12582,hst_12582_05_wfc3_uvis_total_ibxb05_drc.fits,100454400,24807146,PUBLIC,3,detection
26572275,HST,image,hst_12582_07_wfc3_uvis_f275w_ibxb07,HAP fits science image,D,mast:HST/product/hst_12582_07_wfc3_uvis_f275w_ibxb07_drc.fits,SCIENCE,Minimum Recommended Products,DRC,,HAP-SVM,DrizzlePac 3.10.0,12582,hst_12582_07_wfc3_uvis_f275w_ibxb07_drc.fits,100431360,24807149,PUBLIC,3,F275W
26572245,HST,image,hst_12582_07_wfc3_uvis_f275w_ibxb07j2,HAP fits science image,D,mast:HST/product/hst_12582_07_wfc3_uvis_f275w_ibxb07j2_drc.fits,SCIENCE,,DRC,,HAP-SVM,DrizzlePac 3.10.0,12582,hst_12582_07_wfc3_uvis_f275w_ibxb07j2_drc.fits,100428480,24807149,PUBLIC,2,F275W
26572260,HST,image,hst_12582_07_wfc3_uvis_f275w_ibxb07j6,HAP fits science image,D,mast:HST/product/hst_12582_07_wfc3_uvis_f275w_ibxb07j6_drc.fits,SCIENCE,,DRC,,HAP-SVM,DrizzlePac 3.10.0,12582,hst_12582_07_wfc3_uvis_f275w_ibxb07j6_drc.fits,100428480,24807149,PUBLIC,2,F275W
26572281,HST,image,hst_12582_07_wfc3_uvis_total_ibxb07,HAP fits science image,D,mast:HST/product/hst_12582_07_wfc3_uvis_total_ibxb07_drc.fits,SCIENCE,,DRC,,HAP-SVM,DrizzlePac 3.10.0,12582,hst_12582_07_wfc3_uvis_total_ibxb07_drc.fits,100454400,24807149,PUBLIC,3,detection
24807146,HST,image,ibxb05010,DADS DRC file - CTE-corrected calibrated combined image ACS/WFC3,D,mast:HST/product/ibxb05010_drc.fits,SCIENCE,Minimum Recommended Products,DRC,,CALWF3,3.7.2 (Apr-15-2024),12582,ibxb05010_drc.fits,53343360,24807146,PUBLIC,3,F275W
24807146,HST,image,ibxb05010,DADS DRZ file - Calibrated combined image ACS/WFC3/WFPC2/STIS,D,mast:HST/product/ibxb05010_drz.fits,SCIENCE,Minimum Recommended Products,DRZ,,CALWF3,3.7.2 (Apr-15-2024),12582,ibxb05010_drz.fits,53343360,24807146,PUBLIC,3,F275W
24807149,HST,image,ibxb07010,DADS DRC file - CTE-corrected calibrated combined image ACS/WFC3,D,mast:HST/product/ibxb07010_drc.fits,SCIENCE,Minimum Recommended Products,DRC,,CALWF3,3.7.2 (Apr-15-2024),12582,ibxb07010_drc.fits,53343360,24807149,PUBLIC,3,F275W
24807149,HST,image,ibxb07010,DADS DRZ file - Calibrated combined image ACS/WFC3/WFPC2/STIS,D,mast:HST/product/ibxb07010_drz.fits,SCIENCE,Minimum Recommended Products,DRZ,,CALWF3,3.7.2 (Apr-15-2024),12582,ibxb07010_drz.fits,53343360,24807149,PUBLIC,3,F275W
26690488,HST,image,hst_14668_42_wfc3_uvis_f275w_id9642,HAP fits science image,D,mast:HST/product/hst_14668_42_wfc3_uvis_f275w_id9642_drc.fits,SCIENCE,Minimum Recommended Products,DRC,,HAP-SVM,DrizzlePac 3.10.0,14668,hst_14668_42_wfc3_uvis_f275w_id9642_drc.fits,410304960,25051199,PUBLIC,3,F275W
26690480,HST,image,hst_14668_42_wfc3_uvis_f275w_id9642x0,HAP fits science image,D,mast:HST/product/hst_14668_42_wfc3_uvis_f275w_id9642x0_drc.fits,SCIENCE,,DRC,,HAP-SVM,DrizzlePac 3.10.0,14668,hst_14668_42_wfc3_uvis_f275w_id9642x0_drc.fits,410299200,25051199,PUBLIC,2,F275W
26658500,HST,image,hst_14668_42_wfc3_uvis_f275w_id9642x3,HAP fits science image,D,mast:HST/product/hst_14668_42_wfc3_uvis_f275w_id9642x3_drc.fits,SCIENCE,,DRC,,HAP-SVM,DrizzlePac 3.10.0,14668,hst_14668_42_wfc3_uvis_f275w_id9642x3_drc.fits,410299200,25051199,PUBLIC,2,F275W
26690507,HST,image,hst_14668_42_wfc3_uvis_total_id9642,HAP fits science image,D,mast:HST/product/hst_14668_42_wfc3_uvis_total_id9642_drc.fits,SCIENCE,,DRC,,HAP-SVM,DrizzlePac 3.10.0,14668,hst_14668_42_wfc3_uvis_total_id9642_drc.fits,410319360,25051199,PUBLIC,3,detection
25051199,HST,image,id9642010,DADS DRC file - CTE-corrected calibrated combined image ACS/WFC3,D,mast:HST/product/id9642010_drc.fits,SCIENCE,Minimum Recommended Products,DRC,,CALWF3,3.7.2 (Apr-15-2024),14668,id9642010_drc.fits,217463040,25051199,PUBLIC,3,F275W
25051199,HST,image,id9642010,DADS DRZ file - Calibrated combined image ACS/WFC3/WFPC2/STIS,D,mast:HST/product/id9642010_drz.fits,SCIENCE,Minimum Recommended Products,DRZ,,CALWF3,3.7.2 (Apr-15-2024),14668,id9642010_drz.fits,217460160,25051199,PUBLIC,3,F275W
26651728,HST,image,hst_14779_03_wfc3_uvis_f275w_id7603,HAP fits science image,D,mast:HST/product/hst_14779_03_wfc3_uvis_f275w_id7603_drc.fits,SCIENCE,Minimum Recommended Products,DRC,,HAP-SVM,DrizzlePac 3.10.0,14779,hst_14779_03_wfc3_uvis_f275w_id7603_drc.fits,363415680,25851477,PUBLIC,3,F275W
26651696,HST,image,hst_14779_03_wfc3_uvis_f275w_id7603d0,HAP fits science image,D,mast:HST/product/hst_14779_03_wfc3_uvis_f275w_id7603d0_drc.fits,SCIENCE,,DRC,,HAP-SVM,DrizzlePac 3.10.0,14779,hst_14779_03_wfc3_uvis_f275w_id7603d0_drc.fits,363409920,25851477,PUBLIC,2,F275W
26651710,HST,image,hst_14779_03_wfc3_uvis_f275w_id7603d4,HAP fits science image,D,mast:HST/product/hst_14779_03_wfc3_uvis_f275w_id7603d4_drc.fits,SCIENCE,,DRC,,HAP-SVM,DrizzlePac 3.10.0,14779,hst_14779_03_wfc3_uvis_f275w_id7603d4_drc.fits,363409920,25851477,PUBLIC,2,F275W
26651748,HST,image,hst_14779_03_wfc3_uvis_total_id7603,HAP fits science image,D,mast:HST/product/hst_14779_03_wfc3_uvis_total_id7603_drc.fits,SCIENCE,,DRC,,HAP-SVM,DrizzlePac 3.10.0,14779,hst_14779_03_wfc3_uvis_total_id7603_drc.fits,363415680,25851477,PUBLIC,3,detection
26651623,HST,image,hst_14779_05_wfc3_uvis_f275w_id7605,HAP fits science image,D,mast:HST/product/hst_14779_05_wfc3_uvis_f275w_id7605_drc.fits,SCIENCE,Minimum Recommended Products,DRC,,HAP-SVM,DrizzlePac 3.10.0,14779,hst_14779_05_wfc3_uvis_f275w_id7605_drc.fits,299185920,25858700,PUBLIC,3,F275W
26651612,HST,image,hst_14779_05_wfc3_uvis_f275w_id7605gu,HAP fits science image,D,mast:HST/product/hst_14779_05_wfc3_uvis_f275w_id7605gu_drc.fits,SCIENCE,,DRC,,HAP-SVM,DrizzlePac 3.10.0,14779,hst_14779_05_wfc3_uvis_f275w_id7605gu_drc.fits,299180160,25858700,PUBLIC,2,F275W
26651619,HST,image,hst_14779_05_wfc3_uvis_f275w_id7605gv,HAP fits science image,D,mast:HST/product/hst_14779_05_wfc3_uvis_f275w_id7605gv_drc.fits,SCIENCE,,DRC,,HAP-SVM,DrizzlePac 3.10.0,14779,hst_14779_05_wfc3_uvis_f275w_id7605gv_drc.fits,299180160,25858700,PUBLIC,2,F275W
26651625,HST,image,hst_14779_05_wfc3_uvis_total_id7605,HAP fits science image,D,mast:HST/product/hst_14779_05_wfc3_uvis_total_id7605_drc.fits,SCIENCE,,DRC,,HAP-SVM,DrizzlePac 3.10.0,14779,hst_14779_05_wfc3_uvis_total_id7605_drc.fits,299185920,25858700,PUBLIC,3,detection
26655851,HST,image,hst_14779_06_wfc3_uvis_f275w_id7606,HAP fits science image,D,mast:HST/product/hst_14779_06_wfc3_uvis_f275w_id7606_drc.fits,SCIENCE,Minimum Recommended Products,DRC,,HAP-SVM,DrizzlePac 3.10.0,14779,hst_14779_06_wfc3_uvis_f275w_id7606_drc.fits,433010880,25066246,PUBLIC,3,F275W
26655811,HST,image,hst_14779_06_wfc3_uvis_f275w_id7606ba,HAP fits science image,D,mast:HST/product/hst_14779_06_wfc3_uvis_f275w_id7606ba_drc.fits,SCIENCE,,DRC,,HAP-SVM,DrizzlePac 3.10.0,14779,hst_14779_06_wfc3_uvis_f275w_id7606ba_drc.fits,433005120,25066246,PUBLIC,2,F275W
26655826,HST,image,hst_14779_06_wfc3_uvis_f275w_id7606bb,HAP fits science image,D,mast:HST/product/hst_14779_06_wfc3_uvis_f275w_id7606bb_drc.fits,SCIENCE,,DRC,,HAP-SVM,DrizzlePac 3.10.0,14779,hst_14779_06_wfc3_uvis_f275w_id7606bb_drc.fits,433005120,25066246,PUBLIC,2,F275W
26655871,HST,image,hst_14779_06_wfc3_uvis_total_id7606,HAP fits science image,D,mast:HST/product/hst_14779_06_wfc3_uvis_total_id7606_drc.fits,SCIENCE,,DRC,,HAP-SVM,DrizzlePac 3.10.0,14779,hst_14779_06_wfc3_uvis_total_id7606_drc.fits,433010880,25066246,PUBLIC,3,detection
26658993,HST,image,hst_14779_15_wfc3_uvis_f275w_id7615,HAP fits science image,D,mast:HST/product/hst_14779_15_wfc3_uvis_f275w_id7615_drc.fits,SCIENCE,Minimum Recommended Products,DRC,,HAP-SVM,DrizzlePac 3.10.0,14779,hst_14779_15_wfc3_uvis_f275w_id7615_drc.fits,352261440,25857701,PUBLIC,3,F275W
26658974,HST,image,hst_14779_15_wfc3_uvis_f275w_id7615i0,HAP fits science image,D,mast:HST/product/hst_14779_15_wfc3_uvis_f275w_id7615i0_drc.fits,SCIENCE,,DRC,,HAP-SVM,DrizzlePac 3.10.0,14779,hst_14779_15_wfc3_uvis_f275w_id7615i0_drc.fits,352255680,25857701,PUBLIC,2,F275W
26658958,HST,image,hst_14779_15_wfc3_uvis_f275w_id7615i1,HAP fits science image,D,mast:HST/product/hst_14779_15_wfc3_uvis_f275w_id7615i1_drc.fits,SCIENCE,,DRC,,HAP-SVM,DrizzlePac 3.10.0,14779,hst_14779_15_wfc3_uvis_f275w_id7615i1_drc.fits,352255680,25857701,PUBLIC,2,F275W
26659018,HST,image,hst_14779_15_wfc3_uvis_total_id7615,HAP fits science image,D,mast:HST/product/hst_14779_15_wfc3_uvis_total_id7615_drc.fits,SCIENCE,,DRC,,HAP-SVM,DrizzlePac 3.10.0,14779,hst_14779_15_wfc3_uvis_total_id7615_drc.fits,352261440,25857701,PUBLIC,3,detection
26651586,HST,image,hst_14779_19_wfc3_uvis_f275w_id7619,HAP fits science image,D,mast:HST/product/hst_14779_19_wfc3_uvis_f275w_id7619_drc.fits,SCIENCE,Minimum Recommended Products,DRC,,HAP-SVM,DrizzlePac 3.10.0,14779,hst_14779_19_wfc3_uvis_f275w_id7619_drc.fits,236736000,25056058,PUBLIC,3,F275W
26651577,HST,image,hst_14779_19_wfc3_uvis_f275w_id7619bi,HAP fits science image,D,mast:HST/product/hst_14779_19_wfc3_uvis_f275w_id7619bi_drc.fits,SCIENCE,,DRC,,HAP-SVM,DrizzlePac 3.10.0,14779,hst_14779_19_wfc3_uvis_f275w_id7619bi_drc.fits,236730240,25056058,PUBLIC,2,F275W
26651582,HST,image,hst_14779_19_wfc3_uvis_f275w_id7619bj,HAP fits science image,D,mast:HST/product/hst_14779_19_wfc3_uvis_f275w_id7619bj_drc.fits,SCIENCE,,DRC,,HAP-SVM,DrizzlePac 3.10.0,14779,hst_14779_19_wfc3_uvis_f275w_id7619bj_drc.fits,236730240,25056058,PUBLIC,2,F275W
26651590,HST,image,hst_14779_19_wfc3_uvis_total_id7619,HAP fits science image,D,mast:HST/product/hst_14779_19_wfc3_uvis_total_id7619_drc.fits,SCIENCE,,DRC,,HAP-SVM,DrizzlePac 3.10.0,14779,hst_14779_19_wfc3_uvis_total_id7619_drc.fits,236736000,25056058,PUBLIC,3,detection
26659390,HST,image,hst_14779_20_wfc3_uvis_f275w_id7620,HAP fits science image,D,mast:HST/product/hst_14779_20_wfc3_uvis_f275w_id7620_drc.fits,SCIENCE,Minimum Recommended Products,DRC,,HAP-SVM,DrizzlePac 3.10.0,14779,hst_14779_20_wfc3_uvis_f275w_id7620_drc.fits,319360320,25056059,PUBLIC,3,F275W
26659386,HST,image,hst_14779_20_wfc3_uvis_f275w_id7620v6,HAP fits science image,D,mast:HST/product/hst_14779_20_wfc3_uvis_f275w_id7620v6_drc.fits,SCIENCE,,DRC,,HAP-SVM,DrizzlePac 3.10.0,14779,hst_14779_20_wfc3_uvis_f275w_id7620v6_drc.fits,319354560,25056059,PUBLIC,2,F275W
26659388,HST,image,hst_14779_20_wfc3_uvis_f275w_id7620v7,HAP fits science image,D,mast:HST/product/hst_14779_20_wfc3_uvis_f275w_id7620v7_drc.fits,SCIENCE,,DRC,,HAP-SVM,DrizzlePac 3.10.0,14779,hst_14779_20_wfc3_uvis_f275w_id7620v7_drc.fits,319354560,25056059,PUBLIC,2,F275W
26659392,HST,image,hst_14779_20_wfc3_uvis_total_id7620,HAP fits science image,D,mast:HST/product/hst_14779_20_wfc3_uvis_total_id7620_drc.fits,SCIENCE,,DRC,,HAP-SVM,DrizzlePac 3.10.0,14779,hst_14779_20_wfc3_uvis_total_id7620_drc.fits,319360320,25056059,PUBLIC,3,detection
26659090,HST,image,hst_14779_25_wfc3_uvis_f275w_id7625,HAP fits science image,D,mast:HST/product/hst_14779_25_wfc3_uvis_f275w_id7625_drc.fits,SCIENCE,Minimum Recommended Products,DRC,,HAP-SVM,DrizzlePac 3.10.0,14779,hst_14779_25_wfc3_uvis_f275w_id7625_drc.fits,433592640,25874431,PUBLIC,3,F275W
26659027,HST,image,hst_14779_25_wfc3_uvis_f275w_id7625rl,HAP fits science image,D,mast:HST/product/hst_14779_25_wfc3_uvis_f275w_id7625rl_drc.fits,SCIENCE,,DRC,,HAP-SVM,DrizzlePac 3.10.0,14779,hst_14779_25_wfc3_uvis_f275w_id7625rl_drc.fits,433586880,25874431,PUBLIC,2,F275W
26659065,HST,image,hst_14779_25_wfc3_uvis_f275w_id7625rm,HAP fits science image,D,mast:HST/product/hst_14779_25_wfc3_uvis_f275w_id7625rm_drc.fits,SCIENCE,,DRC,,HAP-SVM,DrizzlePac 3.10.0,14779,hst_14779_25_wfc3_uvis_f275w_id7625rm_drc.fits,433586880,25874431,PUBLIC,2,F275W
26659123,HST,image,hst_14779_25_wfc3_uvis_total_id7625,HAP fits science image,D,mast:HST/product/hst_14779_25_wfc3_uvis_total_id7625_drc.fits,SCIENCE,,DRC,,HAP-SVM,DrizzlePac 3.10.0,14779,hst_14779_25_wfc3_uvis_total_id7625_drc.fits,433592640,25874431,PUBLIC,3,detection
26659130,HST,image,hst_14779_30_wfc3_uvis_f275w_id7630,HAP fits science image,D,mast:HST/product/hst_14779_30_wfc3_uvis_f275w_id7630_drc.fits,SCIENCE,Minimum Recommended Products,DRC,,HAP-SVM,DrizzlePac 3.10.0,14779,hst_14779_30_wfc3_uvis_f275w_id7630_drc.fits,321909120,25872496,PUBLIC,3,F275W
26659073,HST,image,hst_14779_30_wfc3_uvis_f275w_id7630t5,HAP fits science image,D,mast:HST/product/hst_14779_30_wfc3_uvis_f275w_id7630t5_drc.fits,SCIENCE,,DRC,,HAP-SVM,DrizzlePac 3.10.0,14779,hst_14779_30_wfc3_uvis_f275w_id7630t5_drc.fits,321903360,25872496,PUBLIC,2,F275W
26659108,HST,image,hst_14779_30_wfc3_uvis_f275w_id7630t6,HAP fits science image,D,mast:HST/product/hst_14779_30_wfc3_uvis_f275w_id7630t6_drc.fits,SCIENCE,,DRC,,HAP-SVM,DrizzlePac 3.10.0,14779,hst_14779_30_wfc3_uvis_f275w_id7630t6_drc.fits,321903360,25872496,PUBLIC,2,F275W
26659156,HST,image,hst_14779_30_wfc3_uvis_total_id7630,HAP fits science image,D,mast:HST/product/hst_14779_30_wfc3_uvis_total_id7630_drc.fits,SCIENCE,,DRC,,HAP-SVM,DrizzlePac 3.10.0,14779,hst_14779_30_wfc3_uvis_total_id7630_drc.fits,321909120,25872496,PUBLIC,3,detection
26651674,HST,image,hst_14779_34_wfc3_uvis_f275w_id7634,HAP fits science image,D,mast:HST/product/hst_14779_34_wfc3_uvis_f275w_id7634_drc.fits,SCIENCE,Minimum Recommended Products,DRC,,HAP-SVM,DrizzlePac 3.10.0,14779,hst_14779_34_wfc3_uvis_f275w_id7634_drc.fits,353047680,25863345,PUBLIC,3,F275W
26651666,HST,image,hst_14779_34_wfc3_uvis_f275w_id7634lb,HAP fits science image,D,mast:HST/product/hst_14779_34_wfc3_uvis_f275w_id7634lb_drc.fits,SCIENCE,,DRC,,HAP-SVM,DrizzlePac 3.10.0,14779,hst_14779_34_wfc3_uvis_f275w_id7634lb_drc.fits,353041920,25863345,PUBLIC,2,F275W
26651656,HST,image,hst_14779_34_wfc3_uvis_f275w_id7634ld,HAP fits science image,D,mast:HST/product/hst_14779_34_wfc3_uvis_f275w_id7634ld_drc.fits,SCIENCE,,DRC,,HAP-SVM,DrizzlePac 3.10.0,14779,hst_14779_34_wfc3_uvis_f275w_id7634ld_drc.fits,353041920,25863345,PUBLIC,2,F275W
26651678,HST,image,hst_14779_34_wfc3_uvis_total_id7634,HAP fits science image,D,mast:HST/product/hst_14779_34_wfc3_uvis_total_id7634_drc.fits,SCIENCE,,DRC,,HAP-SVM,DrizzlePac 3.10.0,14779,hst_14779_34_wfc3_uvis_total_id7634_drc.fits,353047680,25863345,PUBLIC,3,detection
26659126,HST,image,hst_14779_36_wfc3_uvis_f275w_id7636,HAP fits science image,D,mast:HST/product/hst_14779_36_wfc3_uvis_f275w_id7636_drc.fits,SCIENCE,Minimum Recommended Products,DRC,,HAP-SVM,DrizzlePac 3.10.0,14779,hst_14779_36_wfc3_uvis_f275w_id7636_drc.fits,220440960,25864921,PUBLIC,3,F275W
26659106,HST,image,hst_14779_36_wfc3_uvis_f275w_id7636mw,HAP fits science image,D,mast:HST/product/hst_14779_36_wfc3_uvis_f275w_id7636mw_drc.fits,SCIENCE,,DRC,,HAP-SVM,DrizzlePac 3.10.0,14779,hst_14779_36_wfc3_uvis_f275w_id7636mw_drc.fits,220435200,25864921,PUBLIC,2,F275W
26659075,HST,image,hst_14779_36_wfc3_uvis_f275w_id7636mx,HAP fits science image,D,mast:HST/product/hst_14779_36_wfc3_uvis_f275w_id7636mx_drc.fits,SCIENCE,,DRC,,HAP-SVM,DrizzlePac 3.10.0,14779,hst_14779_36_wfc3_uvis_f275w_id7636mx_drc.fits,220435200,25864921,PUBLIC,2,F275W
26659145,HST,image,hst_14779_36_wfc3_uvis_total_id7636,HAP fits science image,D,mast:HST/product/hst_14779_36_wfc3_uvis_total_id7636_drc.fits,SCIENCE,,DRC,,HAP-SVM,DrizzlePac 3.10.0,14779,hst_14779_36_wfc3_uvis_total_id7636_drc.fits,220440960,25864921,PUBLIC,3,detection
26659155,HST,image,hst_14779_41_wfc3_uvis_f275w_id7641,HAP fits science image,D,mast:HST/product/hst_14779_41_wfc3_uvis_f275w_id7641_drc.fits,SCIENCE,Minimum Recommended Products,DRC,,HAP-SVM,DrizzlePac 3.10.0,14779,hst_14779_41_wfc3_uvis_f275w_id7641_drc.fits,319800960,25056060,PUBLIC,3,F275W
26659094,HST,image,hst_14779_41_wfc3_uvis_f275w_id7641y3,HAP fits science image,D,mast:HST/product/hst_14779_41_wfc3_uvis_f275w_id7641y3_drc.fits,SCIENCE,,DRC,,HAP-SVM,DrizzlePac 3.10.0,14779,hst_14779_41_wfc3_uvis_f275w_id7641y3_drc.fits,319795200,25056060,PUBLIC,2,F275W
26659129,HST,image,hst_14779_41_wfc3_uvis_f275w_id7641y4,HAP fits science image,D,mast:HST/product/hst_14779_41_wfc3_uvis_f275w_id7641y4_drc.fits,SCIENCE,,DRC,,HAP-SVM,DrizzlePac 3.10.0,14779,hst_14779_41_wfc3_uvis_f275w_id7641y4_drc.fits,319795200,25056060,PUBLIC,2,F275W
26659180,HST,image,hst_14779_41_wfc3_uvis_total_id7641,HAP fits science image,D,mast:HST/product/hst_14779_41_wfc3_uvis_total_id7641_drc.fits,SCIENCE,,DRC,,HAP-SVM,DrizzlePac 3.10.0,14779,hst_14779_41_wfc3_uvis_total_id7641_drc.fits,319800960,25056060,PUBLIC,3,detection
26659401,HST,image,hst_14779_43_wfc3_uvis_f275w_id7643,HAP fits science image,D,mast:HST/product/hst_14779_43_wfc3_uvis_f275w_id7643_drc.fits,SCIENCE,Minimum Recommended Products,DRC,,HAP-SVM,DrizzlePac 3.10.0,14779,hst_14779_43_wfc3_uvis_f275w_id7643_drc.fits,233340480,25857702,PUBLIC,3,F275W
26659396,HST,image,hst_14779_43_wfc3_uvis_f275w_id7643n5,HAP fits science image,D,mast:HST/product/hst_14779_43_wfc3_uvis_f275w_id7643n5_drc.fits,SCIENCE,,DRC,,HAP-SVM,DrizzlePac 3.10.0,14779,hst_14779_43_wfc3_uvis_f275w_id7643n5_drc.fits,233334720,25857702,PUBLIC,2,F275W
26659399,HST,image,hst_14779_43_wfc3_uvis_f275w_id7643n7,HAP fits science image,D,mast:HST/product/hst_14779_43_wfc3_uvis_f275w_id7643n7_drc.fits,SCIENCE,,DRC,,HAP-SVM,DrizzlePac 3.10.0,14779,hst_14779_43_wfc3_uvis_f275w_id7643n7_drc.fits,233334720,25857702,PUBLIC,2,F275W
26659404,HST,image,hst_14779_43_wfc3_uvis_total_id7643,HAP fits science image,D,mast:HST/product/hst_14779_43_wfc3_uvis_total_id7643_drc.fits,SCIENCE,,DRC,,HAP-SVM,DrizzlePac 3.10.0,14779,hst_14779_43_wfc3_uvis_total_id7643_drc.fits,233340480,25857702,PUBLIC,3,detection
26660157,HST,image,hst_14779_44_wfc3_uvis_f275w_id7644,HAP fits science image,D,mast:HST/product/hst_14779_44_wfc3_uvis_f275w_id7644_drc.fits,SCIENCE,Minimum Recommended Products,DRC,,HAP-SVM,DrizzlePac 3.10.0,14779,hst_14779_44_wfc3_uvis_f275w_id7644_drc.fits,422115840,25059466,PUBLIC,3,F275W
26660153,HST,image,hst_14779_44_wfc3_uvis_f275w_id7644ci,HAP fits science image,D,mast:HST/product/hst_14779_44_wfc3_uvis_f275w_id7644ci_drc.fits,SCIENCE,,DRC,,HAP-SVM,DrizzlePac 3.10.0,14779,hst_14779_44_wfc3_uvis_f275w_id7644ci_drc.fits,422110080,25059466,PUBLIC,2,F275W
26660145,HST,image,hst_14779_44_wfc3_uvis_f275w_id7644cj,HAP fits science image,D,mast:HST/product/hst_14779_44_wfc3_uvis_f275w_id7644cj_drc.fits,SCIENCE,,DRC,,HAP-SVM,DrizzlePac 3.10.0,14779,hst_14779_44_wfc3_uvis_f275w_id7644cj_drc.fits,422110080,25059466,PUBLIC,2,F275W
26660165,HST,image,hst_14779_44_wfc3_uvis_total_id7644,HAP fits science image,D,mast:HST/product/hst_14779_44_wfc3_uvis_total_id7644_drc.fits,SCIENCE,,DRC,,HAP-SVM,DrizzlePac 3.10.0,14779,hst_14779_44_wfc3_uvis_total_id7644_drc.fits,422115840,25059466,PUBLIC,3,detection
26659091,HST,image,hst_14779_48_wfc3_uvis_f275w_id7648,HAP fits science image,D,mast:HST/product/hst_14779_48_wfc3_uvis_f275w_id7648_drc.fits,SCIENCE,Minimum Recommended Products,DRC,,HAP-SVM,DrizzlePac 3.10.0,14779,hst_14779_48_wfc3_uvis_f275w_id7648_drc.fits,405967680,25064896,PUBLIC,3,F275W
26659030,HST,image,hst_14779_48_wfc3_uvis_f275w_id7648ns,HAP fits science image,D,mast:HST/product/hst_14779_48_wfc3_uvis_f275w_id7648ns_drc.fits,SCIENCE,,DRC,,HAP-SVM,DrizzlePac 3.10.0,14779,hst_14779_48_wfc3_uvis_f275w_id7648ns_drc.fits,405961920,25064896,PUBLIC,2,F275W
26659066,HST,image,hst_14779_48_wfc3_uvis_f275w_id7648nw,HAP fits science image,D,mast:HST/product/hst_14779_48_wfc3_uvis_f275w_id7648nw_drc.fits,SCIENCE,,DRC,,HAP-SVM,DrizzlePac 3.10.0,14779,hst_14779_48_wfc3_uvis_f275w_id7648nw_drc.fits,405961920,25064896,PUBLIC,2,F275W
26659124,HST,image,hst_14779_48_wfc3_uvis_total_id7648,HAP fits science image,D,mast:HST/product/hst_14779_48_wfc3_uvis_total_id7648_drc.fits,SCIENCE,,DRC,,HAP-SVM,DrizzlePac 3.10.0,14779,hst_14779_48_wfc3_uvis_total_id7648_drc.fits,405967680,25064896,PUBLIC,3,detection
26659305,HST,image,hst_14779_52_wfc3_uvis_f275w_id7652,HAP fits science image,D,mast:HST/product/hst_14779_52_wfc3_uvis_f275w_id7652_drc.fits,SCIENCE,Minimum Recommended Products,DRC,,HAP-SVM,DrizzlePac 3.10.0,14779,hst_14779_52_wfc3_uvis_f275w_id7652_drc.fits,433442880,25872304,PUBLIC,3,F275W
26659297,HST,image,hst_14779_52_wfc3_uvis_f275w_id7652e7,HAP fits science image,D,mast:HST/product/hst_14779_52_wfc3_uvis_f275w_id7652e7_drc.fits,SCIENCE,,DRC,,HAP-SVM,DrizzlePac 3.10.0,14779,hst_14779_52_wfc3_uvis_f275w_id7652e7_drc.fits,433437120,25872304,PUBLIC,2,F275W
26659301,HST,image,hst_14779_52_wfc3_uvis_f275w_id7652e8,HAP fits science image,D,mast:HST/product/hst_14779_52_wfc3_uvis_f275w_id7652e8_drc.fits,SCIENCE,,DRC,,HAP-SVM,DrizzlePac 3.10.0,14779,hst_14779_52_wfc3_uvis_f275w_id7652e8_drc.fits,433437120,25872304,PUBLIC,2,F275W
26659309,HST,image,hst_14779_52_wfc3_uvis_total_id7652,HAP fits science image,D,mast:HST/product/hst_14779_52_wfc3_uvis_total_id7652_drc.fits,SCIENCE,,DRC,,HAP-SVM,DrizzlePac 3.10.0,14779,hst_14779_52_wfc3_uvis_total_id7652_drc.fits,433442880,25872304,PUBLIC,3,detection
26659407,HST,image,hst_14779_55_wfc3_uvis_f275w_id7655,HAP fits science image,D,mast:HST/product/hst_14779_55_wfc3_uvis_f275w_id7655_drc.fits,SCIENCE,Minimum Recommended Products,DRC,,HAP-SVM,DrizzlePac 3.10.0,14779,hst_14779_55_wfc3_uvis_f275w_id7655_drc.fits,311670720,25872214,PUBLIC,3,F275W
26659406,HST,image,hst_14779_55_wfc3_uvis_f275w_id7655vj,HAP fits science image,D,mast:HST/product/hst_14779_55_wfc3_uvis_f275w_id7655vj_drc.fits,SCIENCE,,DRC,,HAP-SVM,DrizzlePac 3.10.0,14779,hst_14779_55_wfc3_uvis_f275w_id7655vj_drc.fits,311664960,25872214,PUBLIC,2,F275W
26659405,HST,image,hst_14779_55_wfc3_uvis_f275w_id7655vk,HAP fits science image,D,mast:HST/product/hst_14779_55_wfc3_uvis_f275w_id7655vk_drc.fits,SCIENCE,,DRC,,HAP-SVM,DrizzlePac 3.10.0,14779,hst_14779_55_wfc3_uvis_f275w_id7655vk_drc.fits,311664960,25872214,PUBLIC,2,F275W
26659408,HST,image,hst_14779_55_wfc3_uvis_total_id7655,HAP fits science image,D,mast:HST/product/hst_14779_55_wfc3_uvis_total_id7655_drc.fits,SCIENCE,,DRC,,HAP-SVM,DrizzlePac 3.10.0,14779,hst_14779_55_wfc3_uvis_total_id7655_drc.fits,311670720,25872214,PUBLIC,3,detection
25851477,HST,image,id7603010,DADS DRC file - CTE-corrected calibrated combined image ACS/WFC3,D,mast:HST/product/id7603010_drc.fits,SCIENCE,Minimum Recommended Products,DRC,,CALWF3,3.7.2 (Apr-15-2024),14779,id7603010_drc.fits,217514880,25851477,PUBLIC,3,F275W
25851477,HST,image,id7603010,DADS DRZ file - Calibrated combined image ACS/WFC3/WFPC2/STIS,D,mast:HST/product/id7603010_drz.fits,SCIENCE,Minimum Recommended Products,DRZ,,CALWF3,3.7.2 (Apr-15-2024),14779,id7603010_drz.fits,217512000,25851477,PUBLIC,3,F275W
25858700,HST,image,id7605010,DADS DRC file - CTE-corrected calibrated combined image ACS/WFC3,D,mast:HST/product/id7605010_drc.fits,SCIENCE,Minimum Recommended Products,DRC,,CALWF3,3.7.2 (Apr-15-2024),14779,id7605010_drc.fits,217514880,25858700,PUBLIC,3,F275W
25858700,HST,image,id7605010,DADS DRZ file - Calibrated combined image ACS/WFC3/WFPC2/STIS,D,mast:HST/product/id7605010_drz.fits,SCIENCE,Minimum Recommended Products,DRZ,,CALWF3,3.7.2 (Apr-15-2024),14779,id7605010_drz.fits,217512000,25858700,PUBLIC,3,F275W
25066246,HST,image,id7606010,DADS DRC file - CTE-corrected calibrated combined image ACS/WFC3,D,mast:HST/product/id7606010_drc.fits,SCIENCE,Minimum Recommended Products,DRC,,CALWF3,3.7.2 (Apr-15-2024),14779,id7606010_drc.fits,217463040,25066246,PUBLIC,3,F275W
25066246,HST,image,id7606010,DADS DRZ file - Calibrated combined image ACS/WFC3/WFPC2/STIS,D,mast:HST/product/id7606010_drz.fits,SCIENCE,Minimum Recommended Products,DRZ,,CALWF3,3.7.2 (Apr-15-2024),14779,id7606010_drz.fits,217460160,25066246,PUBLIC,3,F275W
25857701,HST,image,id7615010,DADS DRC file - CTE-corrected calibrated combined image ACS/WFC3,D,mast:HST/product/id7615010_drc.fits,SCIENCE,Minimum Recommended Products,DRC,,CALWF3,3.7.2 (Apr-15-2024),14779,id7615010_drc.fits,217514880,25857701,PUBLIC,3,F275W
25857701,HST,image,id7615010,DADS DRZ file - Calibrated combined image ACS/WFC3/WFPC2/STIS,D,mast:HST/product/id7615010_drz.fits,SCIENCE,Minimum Recommended Products,DRZ,,CALWF3,3.7.2 (Apr-15-2024),14779,id7615010_drz.fits,217512000,25857701,PUBLIC,3,F275W
25056058,HST,image,id7619010,DADS DRC file - CTE-corrected calibrated combined image ACS/WFC3,D,mast:HST/product/id7619010_drc.fits,SCIENCE,Minimum Recommended Products,DRC,,CALWF3,3.7.2 (Apr-15-2024),14779,id7619010_drc.fits,217566720,25056058,PUBLIC,3,F275W
25056058,HST,image,id7619010,DADS DRZ file - Calibrated combined image ACS/WFC3/WFPC2/STIS,D,mast:HST/product/id7619010_drz.fits,SCIENCE,Minimum Recommended Products,DRZ,,CALWF3,3.7.2 (Apr-15-2024),14779,id7619010_drz.fits,217563840,25056058,PUBLIC,3,F275W
25056059,HST,image,id7620010,DADS DRC file - CTE-corrected calibrated combined image ACS/WFC3,D,mast:HST/product/id7620010_drc.fits,SCIENCE,Minimum Recommended Products,DRC,,CALWF3,3.7.2 (Apr-15-2024),14779,id7620010_drc.fits,217514880,25056059,PUBLIC,3,F275W
25056059,HST,image,id7620010,DADS DRZ file - Calibrated combined image ACS/WFC3/WFPC2/STIS,D,mast:HST/product/id7620010_drz.fits,SCIENCE,Minimum Recommended Products,DRZ,,CALWF3,3.7.2 (Apr-15-2024),14779,id7620010_drz.fits,217512000,25056059,PUBLIC,3,F275W
25874431,HST,image,id7625010,DADS DRC file - CTE-corrected calibrated combined image ACS/WFC3,D,mast:HST/product/id7625010_drc.fits,SCIENCE,Minimum Recommended Products,DRC,,CALWF3,3.7.2 (Apr-15-2024),14779,id7625010_drc.fits,217463040,25874431,PUBLIC,3,F275W
25874431,HST,image,id7625010,DADS DRZ file - Calibrated combined image ACS/WFC3/WFPC2/STIS,D,mast:HST/product/id7625010_drz.fits,SCIENCE,Minimum Recommended Products,DRZ,,CALWF3,3.7.2 (Apr-15-2024),14779,id7625010_drz.fits,217460160,25874431,PUBLIC,3,F275W
25872496,HST,image,id7630010,DADS DRC file - CTE-corrected calibrated combined image ACS/WFC3,D,mast:HST/product/id7630010_drc.fits,SCIENCE,Minimum Recommended Products,DRC,,CALWF3,3.7.2 (Apr-15-2024),14779,id7630010_drc.fits,217566720,25872496,PUBLIC,3,F275W
25872496,HST,image,id7630010,DADS DRZ file - Calibrated combined image ACS/WFC3/WFPC2/STIS,D,mast:HST/product/id7630010_drz.fits,SCIENCE,Minimum Recommended Products,DRZ,,CALWF3,3.7.2 (Apr-15-2024),14779,id7630010_drz.fits,217563840,25872496,PUBLIC,3,F275W
25863345,HST,image,id7634010,DADS DRC file - CTE-corrected calibrated combined image ACS/WFC3,D,mast:HST/product/id7634010_drc.fits,SCIENCE,Minimum Recommended Products,DRC,,CALWF3,3.7.2 (Apr-15-2024),14779,id7634010_drc.fits,217463040,25863345,PUBLIC,3,F275W
25863345,HST,image,id7634010,DADS DRZ file - Calibrated combined image ACS/WFC3/WFPC2/STIS,D,mast:HST/product/id7634010_drz.fits,SCIENCE,Minimum Recommended Products,DRZ,,CALWF3,3.7.2 (Apr-15-2024),14779,id7634010_drz.fits,217460160,25863345,PUBLIC,3,F275W
25864921,HST,image,id7636010,DADS DRC file - CTE-corrected calibrated combined image ACS/WFC3,D,mast:HST/product/id7636010_drc.fits,SCIENCE,Minimum Recommended Products,DRC,,CALWF3,3.7.2 (Apr-15-2024),14779,id7636010_drc.fits,217463040,25864921,PUBLIC,3,F275W
25864921,HST,image,id7636010,DADS DRZ file - Calibrated combined image ACS/WFC3/WFPC2/STIS,D,mast:HST/product/id7636010_drz.fits,SCIENCE,Minimum Recommended Products,DRZ,,CALWF3,3.7.2 (Apr-15-2024),14779,id7636010_drz.fits,217460160,25864921,PUBLIC,3,F275W
25056060,HST,image,id7641010,DADS DRC file - CTE-corrected calibrated combined image ACS/WFC3,D,mast:HST/product/id7641010_drc.fits,SCIENCE,Minimum Recommended Products,DRC,,CALWF3,3.7.2 (Apr-15-2024),14779,id7641010_drc.fits,217514880,25056060,PUBLIC,3,F275W
25056060,HST,image,id7641010,DADS DRZ file - Calibrated combined image ACS/WFC3/WFPC2/STIS,D,mast:HST/product/id7641010_drz.fits,SCIENCE,Minimum Recommended Products,DRZ,,CALWF3,3.7.2 (Apr-15-2024),14779,id7641010_drz.fits,217512000,25056060,PUBLIC,3,F275W
25857702,HST,image,id7643010,DADS DRC file - CTE-corrected calibrated combined image ACS/WFC3,D,mast:HST/product/id7643010_drc.fits,SCIENCE,Minimum Recommended Products,DRC,,CALWF3,3.7.2 (Apr-15-2024),14779,id7643010_drc.fits,217514880,25857702,PUBLIC,3,F275W
25857702,HST,image,id7643010,DADS DRZ file - Calibrated combined image ACS/WFC3/WFPC2/STIS,D,mast:HST/product/id7643010_drz.fits,SCIENCE,Minimum Recommended Products,DRZ,,CALWF3,3.7.2 (Apr-15-2024),14779,id7643010_drz.fits,217512000,25857702,PUBLIC,3,F275W
25059466,HST,image,id7644010,DADS DRC file - CTE-corrected calibrated combined image ACS/WFC3,D,mast:HST/product/id7644010_drc.fits,SCIENCE,Minimum Recommended Products,DRC,,CALWF3,3.7.2 (Apr-15-2024),14779,id7644010_drc.fits,217514880,25059466,PUBLIC,3,F275W
25059466,HST,image,id7644010,DADS DRZ file - Calibrated combined image ACS/WFC3/WFPC2/STIS,D,mast:HST/product/id7644010_drz.fits,SCIENCE,Minimum Recommended Products,DRZ,,CALWF3,3.7.2 (Apr-15-2024),14779,id7644010_drz.fits,217512000,25059466,PUBLIC,3,F275W
25064896,HST,image,id7648010,DADS DRC file - CTE-corrected calibrated combined image ACS/WFC3,D,mast:HST/product/id7648010_drc.fits,SCIENCE,Minimum Recommended Products,DRC,,CALWF3,3.7.2 (Apr-15-2024),14779,id7648010_drc.fits,217419840,25064896,PUBLIC,3,F275W
25064896,HST,image,id7648010,DADS DRZ file - Calibrated combined image ACS/WFC3/WFPC2/STIS,D,mast:HST/product/id7648010_drz.fits,SCIENCE,Minimum Recommended Products,DRZ,,CALWF3,3.7.2 (Apr-15-2024),14779,id7648010_drz.fits,217416960,25064896,PUBLIC,3,F275W
25872304,HST,image,id7652010,DADS DRC file - CTE-corrected calibrated combined image ACS/WFC3,D,mast:HST/product/id7652010_drc.fits,SCIENCE,Minimum Recommended Products,DRC,,CALWF3,3.7.2 (Apr-15-2024),14779,id7652010_drc.fits,217514880,25872304,PUBLIC,3,F275W
25872304,HST,image,id7652010,DADS DRZ file - Calibrated combined image ACS/WFC3/WFPC2/STIS,D,mast:HST/product/id7652010_drz.fits,SCIENCE,Minimum Recommended Products,DRZ,,CALWF3,3.7.2 (Apr-15-2024),14779,id7652010_drz.fits,217512000,25872304,PUBLIC,3,F275W
25872214,HST,image,id7655010,DADS DRC file - CTE-corrected calibrated combined image ACS/WFC3,D,mast:HST/product/id7655010_drc.fits,SCIENCE,Minimum Recommended Products,DRC,,CALWF3,3.7.2 (Apr-15-2024),14779,id7655010_drc.fits,217514880,25872214,PUBLIC,3,F275W
25872214,HST,image,id7655010,DADS DRZ file - Calibrated combined image ACS/WFC3/WFPC2/STIS,D,mast:HST/product/id7655010_drz.fits,SCIENCE,Minimum Recommended Products,DRZ,,CALWF3,3.7.2 (Apr-15-2024),14779,id7655010_drz.fits,217512000,25872214,PUBLIC,3,F275W
26302984,HST,image,hst_15166_57_wfc3_uvis_f275w_idi157,HAP fits science image,D,mast:HST/product/hst_15166_57_wfc3_uvis_f275w_idi157_drc.fits,SCIENCE,Minimum Recommended Products,DRC,,HAP-SVM,DrizzlePac 3.10.0,15166,hst_15166_57_wfc3_uvis_f275w_idi157_drc.fits,423541440,26229955,PUBLIC,3,F275W
26302964,HST,image,hst_15166_57_wfc3_uvis_f275w_idi157bd,HAP fits science image,D,mast:HST/product/hst_15166_57_wfc3_uvis_f275w_idi157bd_drc.fits,SCIENCE,,DRC,,HAP-SVM,DrizzlePac 3.10.0,15166,hst_15166_57_wfc3_uvis_f275w_idi157bd_drc.fits,423535680,26229955,PUBLIC,2,F275W
26302939,HST,image,hst_15166_57_wfc3_uvis_f275w_idi157bh,HAP fits science image,D,mast:HST/product/hst_15166_57_wfc3_uvis_f275w_idi157bh_drc.fits,SCIENCE,,DRC,,HAP-SVM,DrizzlePac 3.10.0,15166,hst_15166_57_wfc3_uvis_f275w_idi157bh_drc.fits,423535680,26229955,PUBLIC,2,F275W
26303022,HST,image,hst_15166_57_wfc3_uvis_total_idi157,HAP fits science image,D,mast:HST/product/hst_15166_57_wfc3_uvis_total_idi157_drc.fits,SCIENCE,,DRC,,HAP-SVM,DrizzlePac 3.10.0,15166,hst_15166_57_wfc3_uvis_total_idi157_drc.fits,423555840,26229955,PUBLIC,3,detection
26669757,HST,image,hst_15166_58_wfc3_uvis_f275w_idi158,HAP fits science image,D,mast:HST/product/hst_15166_58_wfc3_uvis_f275w_idi158_drc.fits,SCIENCE,Minimum Recommended Products,DRC,,HAP-SVM,DrizzlePac 3.10.0,15166,hst_15166_58_wfc3_uvis_f275w_idi158_drc.fits,435476160,26080521,PUBLIC,3,F275W
26669678,HST,image,hst_15166_58_wfc3_uvis_f275w_idi158l3,HAP fits science image,D,mast:HST/product/hst_15166_58_wfc3_uvis_f275w_idi158l3_drc.fits,SCIENCE,,DRC,,HAP-SVM,DrizzlePac 3.10.0,15166,hst_15166_58_wfc3_uvis_f275w_idi158l3_drc.fits,435470400,26080521,PUBLIC,2,F275W
26669712,HST,image,hst_15166_58_wfc3_uvis_f275w_idi158l6,HAP fits science image,D,mast:HST/product/hst_15166_58_wfc3_uvis_f275w_idi158l6_drc.fits,SCIENCE,,DRC,,HAP-SVM,DrizzlePac 3.10.0,15166,hst_15166_58_wfc3_uvis_f275w_idi158l6_drc.fits,435467520,26080521,PUBLIC,2,F275W
26669767,HST,image,hst_15166_58_wfc3_uvis_total_idi158,HAP fits science image,D,mast:HST/product/hst_15166_58_wfc3_uvis_total_idi158_drc.fits,SCIENCE,,DRC,,HAP-SVM,DrizzlePac 3.10.0,15166,hst_15166_58_wfc3_uvis_total_idi158_drc.fits,435490560,26080521,PUBLIC,3,detection
26229955,HST,image,idi157010,DADS DRC file - CTE-corrected calibrated combined image ACS/WFC3,D,mast:HST/product/idi157010_drc.fits,SCIENCE,Minimum Recommended Products,DRC,,CALWF3,3.7.2 (Apr-15-2024),15166,idi157010_drc.fits,217514880,26229955,PUBLIC,3,F275W
26229955,HST,image,idi157010,DADS DRZ file - Calibrated combined image ACS/WFC3/WFPC2/STIS,D,mast:HST/product/idi157010_drz.fits,SCIENCE,Minimum Recommended Products,DRZ,,CALWF3,3.7.2 (Apr-15-2024),15166,idi157010_drz.fits,217512000,26229955,PUBLIC,3,F275W
26080521,HST,image,idi158010,DADS DRC file - CTE-corrected calibrated combined image ACS/WFC3,D,mast:HST/product/idi158010_drc.fits,SCIENCE,Minimum Recommended Products,DRC,,CALWF3,3.7.2 (Apr-15-2024),15166,idi158010_drc.fits,217514880,26080521,PUBLIC,3,F275W
26080521,HST,image,idi158010,DADS DRZ file - Calibrated combined image ACS/WFC3/WFPC2/STIS,D,mast:HST/product/idi158010_drz.fits,SCIENCE,Minimum Recommended Products,DRZ,,CALWF3,3.7.2 (Apr-15-2024),15166,idi158010_drz.fits,217512000,26080521,PUBLIC,3,F275W
26693490,HST,image,hst_15654_09_wfc3_uvis_f275w_idxr09,HAP fits science image,D,mast:HST/product/hst_15654_09_wfc3_uvis_f275w_idxr09_drc.fits,SCIENCE,Minimum Recommended Products,DRC,,HAP-SVM,DrizzlePac 3.10.0,15654,hst_15654_09_wfc3_uvis_f275w_idxr09_drc.fits,359265600,26236761,PUBLIC,3,F275W
26693339,HST,image,hst_15654_09_wfc3_uvis_f275w_idxr09yw,HAP fits science image,D,mast:HST/product/hst_15654_09_wfc3_uvis_f275w_idxr09yw_drc.fits,SCIENCE,,DRC,,HAP-SVM,DrizzlePac 3.10.0,15654,hst_15654_09_wfc3_uvis_f275w_idxr09yw_drc.fits,359254080,26236761,PUBLIC,2,F275W
26689539,HST,image,hst_15654_09_wfc3_uvis_f275w_idxr09z9,HAP fits science image,D,mast:HST/product/hst_15654_09_wfc3_uvis_f275w_idxr09z9_drc.fits,SCIENCE,,DRC,,HAP-SVM,DrizzlePac 3.10.0,15654,hst_15654_09_wfc3_uvis_f275w_idxr09z9_drc.fits,359256960,26236761,PUBLIC,2,F275W
26689523,HST,image,hst_15654_09_wfc3_uvis_f275w_idxr09zp,HAP fits science image,D,mast:HST/product/hst_15654_09_wfc3_uvis_f275w_idxr09zp_drc.fits,SCIENCE,,DRC,,HAP-SVM,DrizzlePac 3.10.0,15654,hst_15654_09_wfc3_uvis_f275w_idxr09zp_drc.fits,359256960,26236761,PUBLIC,2,F275W
26698845,HST,image,hst_15654_09_wfc3_uvis_total_idxr09,HAP fits science image,D,mast:HST/product/hst_15654_09_wfc3_uvis_total_idxr09_drc.fits,SCIENCE,,DRC,,HAP-SVM,DrizzlePac 3.10.0,15654,hst_15654_09_wfc3_uvis_total_idxr09_drc.fits,359354880,26236761,PUBLIC,3,detection
26689531,HST,image,hst_15654_27_wfc3_uvis_f275w_idxr27,HAP fits science image,D,mast:HST/product/hst_15654_27_wfc3_uvis_f275w_idxr27_drc.fits,SCIENCE,Minimum Recommended Products,DRC,,HAP-SVM,DrizzlePac 3.10.0,15654,hst_15654_27_wfc3_uvis_f275w_idxr27_drc.fits,237718080,26266681,PUBLIC,3,F275W
26689368,HST,image,hst_15654_27_wfc3_uvis_f275w_idxr27gd,HAP fits science image,D,mast:HST/product/hst_15654_27_wfc3_uvis_f275w_idxr27gd_drc.fits,SCIENCE,,DRC,,HAP-SVM,DrizzlePac 3.10.0,15654,hst_15654_27_wfc3_uvis_f275w_idxr27gd_drc.fits,237709440,26266681,PUBLIC,2,F275W
26689491,HST,image,hst_15654_27_wfc3_uvis_f275w_idxr27gq,HAP fits science image,D,mast:HST/product/hst_15654_27_wfc3_uvis_f275w_idxr27gq_drc.fits,SCIENCE,,DRC,,HAP-SVM,DrizzlePac 3.10.0,15654,hst_15654_27_wfc3_uvis_f275w_idxr27gq_drc.fits,237709440,26266681,PUBLIC,2,F275W
26689348,HST,image,hst_15654_27_wfc3_uvis_f275w_idxr27h3,HAP fits science image,D,mast:HST/product/hst_15654_27_wfc3_uvis_f275w_idxr27h3_drc.fits,SCIENCE,,DRC,,HAP-SVM,DrizzlePac 3.10.0,15654,hst_15654_27_wfc3_uvis_f275w_idxr27h3_drc.fits,237709440,26266681,PUBLIC,2,F275W
26694342,HST,image,hst_15654_27_wfc3_uvis_total_idxr27,HAP fits science image,D,mast:HST/product/hst_15654_27_wfc3_uvis_total_idxr27_drc.fits,SCIENCE,,DRC,,HAP-SVM,DrizzlePac 3.10.0,15654,hst_15654_27_wfc3_uvis_total_idxr27_drc.fits,237807360,26266681,PUBLIC,3,detection
26695588,HST,image,hst_15654_44_wfc3_uvis_f275w_idxr44,HAP fits science image,D,mast:HST/product/hst_15654_44_wfc3_uvis_f275w_idxr44_drc.fits,SCIENCE,Minimum Recommended Products,DRC,,HAP-SVM,DrizzlePac 3.10.0,15654,hst_15654_44_wfc3_uvis_f275w_idxr44_drc.fits,403493760,26260775,PUBLIC,3,F275W
26690186,HST,image,hst_15654_44_wfc3_uvis_f275w_idxr44p2,HAP fits science image,D,mast:HST/product/hst_15654_44_wfc3_uvis_f275w_idxr44p2_drc.fits,SCIENCE,,DRC,,HAP-SVM,DrizzlePac 3.10.0,15654,hst_15654_44_wfc3_uvis_f275w_idxr44p2_drc.fits,403485120,26260775,PUBLIC,2,F275W
26690273,HST,image,hst_15654_44_wfc3_uvis_f275w_idxr44pf,HAP fits science image,D,mast:HST/product/hst_15654_44_wfc3_uvis_f275w_idxr44pf_drc.fits,SCIENCE,,DRC,,HAP-SVM,DrizzlePac 3.10.0,15654,hst_15654_44_wfc3_uvis_f275w_idxr44pf_drc.fits,403485120,26260775,PUBLIC,2,F275W
26690256,HST,image,hst_15654_44_wfc3_uvis_f275w_idxr44pv,HAP fits science image,D,mast:HST/product/hst_15654_44_wfc3_uvis_f275w_idxr44pv_drc.fits,SCIENCE,,DRC,,HAP-SVM,DrizzlePac 3.10.0,15654,hst_15654_44_wfc3_uvis_f275w_idxr44pv_drc.fits,403485120,26260775,PUBLIC,2,F275W
26695600,HST,image,hst_15654_44_wfc3_uvis_total_idxr44,HAP fits science image,D,mast:HST/product/hst_15654_44_wfc3_uvis_total_idxr44_drc.fits,SCIENCE,,DRC,,HAP-SVM,DrizzlePac 3.10.0,15654,hst_15654_44_wfc3_uvis_total_idxr44_drc.fits,403583040,26260775,PUBLIC,3,detection
26236761,HST,image,idxr09060,DADS DRC file - CTE-corrected calibrated combined image ACS/WFC3,D,mast:HST/product/idxr09060_drc.fits,SCIENCE,Minimum Recommended Products,DRC,,CALWF3,3.7.2 (Apr-15-2024),15654,idxr09060_drc.fits,222140160,26236761,PUBLIC,3,F275W
26236761,HST,image,idxr09060,DADS DRZ file - Calibrated combined image ACS/WFC3/WFPC2/STIS,D,mast:HST/product/idxr09060_drz.fits,SCIENCE,Minimum Recommended Products,DRZ,,CALWF3,3.7.2 (Apr-15-2024),15654,idxr09060_drz.fits,222140160,26236761,PUBLIC,3,F275W
26266681,HST,image,idxr27060,DADS DRC file - CTE-corrected calibrated combined image ACS/WFC3,D,mast:HST/product/idxr27060_drc.fits,SCIENCE,Minimum Recommended Products,DRC,,CALWF3,3.7.2 (Apr-15-2024),15654,idxr27060_drc.fits,222036480,26266681,PUBLIC,3,F275W
26266681,HST,image,idxr27060,DADS DRZ file - Calibrated combined image ACS/WFC3/WFPC2/STIS,D,mast:HST/product/idxr27060_drz.fits,SCIENCE,Minimum Recommended Products,DRZ,,CALWF3,3.7.2 (Apr-15-2024),15654,idxr27060_drz.fits,222036480,26266681,PUBLIC,3,F275W
26260775,HST,image,idxr44060,DADS DRC file - CTE-corrected calibrated combined image ACS/WFC3,D,mast:HST/product/idxr44060_drc.fits,SCIENCE,Minimum Recommended Products,DRC,,CALWF3,3.7.2 (Apr-15-2024),15654,idxr44060_drc.fits,222036480,26260775,PUBLIC,3,F275W
26260775,HST,image,idxr44060,DADS DRZ file - Calibrated combined image ACS/WFC3/WFPC2/STIS,D,mast:HST/product/idxr44060_drz.fits,SCIENCE,Minimum Recommended Products,DRZ,,CALWF3,3.7.2 (Apr-15-2024),15654,idxr44060_drz.fits,222036480,26260775,PUBLIC,3,F275W
60739645,HST,image,hst_16287_28_wfc3_uvis_f275w_iebj28,HAP fits science image,D,mast:HST/product/hst_16287_28_wfc3_uvis_f275w_iebj28_drc.fits,SCIENCE,Minimum Recommended Products,DRC,,HAP-SVM,DrizzlePac 3.10.0,16287,hst_16287_28_wfc3_uvis_f275w_iebj28_drc.fits,224896320,60739548,PUBLIC,3,F275W
60739640,HST,image,hst_16287_28_wfc3_uvis_f275w_iebj28lt,HAP fits science image,D,mast:HST/product/hst_16287_28_wfc3_uvis_f275w_iebj28lt_drc.fits,SCIENCE,,DRC,,HAP-SVM,DrizzlePac 3.10.0,16287,hst_16287_28_wfc3_uvis_f275w_iebj28lt_drc.fits,224884800,60739548,PUBLIC,2,F275W
60739641,HST,image,hst_16287_28_wfc3_uvis_f275w_iebj28lu,HAP fits science image,D,mast:HST/product/hst_16287_28_wfc3_uvis_f275w_iebj28lu_drc.fits,SCIENCE,,DRC,,HAP-SVM,DrizzlePac 3.10.0,16287,hst_16287_28_wfc3_uvis_f275w_iebj28lu_drc.fits,224884800,60739548,PUBLIC,2,F275W
60739642,HST,image,hst_16287_28_wfc3_uvis_f275w_iebj28lw,HAP fits science image,D,mast:HST/product/hst_16287_28_wfc3_uvis_f275w_iebj28lw_drc.fits,SCIENCE,,DRC,,HAP-SVM,DrizzlePac 3.10.0,16287,hst_16287_28_wfc3_uvis_f275w_iebj28lw_drc.fits,224884800,60739548,PUBLIC,2,F275W
60739646,HST,image,hst_16287_28_wfc3_uvis_total_iebj28,HAP fits science image,D,mast:HST/product/hst_16287_28_wfc3_uvis_total_iebj28_drc.fits,SCIENCE,,DRC,,HAP-SVM,DrizzlePac 3.10.0,16287,hst_16287_28_wfc3_uvis_total_iebj28_drc.fits,224896320,60739548,PUBLIC,3,detection
62368385,HST,image,hst_16287_36_wfc3_uvis_f275w_iebj36,HAP fits science image,D,mast:HST/product/hst_16287_36_wfc3_uvis_f275w_iebj36_drc.fits,SCIENCE,Minimum Recommended Products,DRC,,HAP-SVM,DrizzlePac 3.10.0,16287,hst_16287_36_wfc3_uvis_f275w_iebj36_drc.fits,106994880,62368214,PUBLIC,3,F275W
62368384,HST,image,hst_16287_36_wfc3_uvis_f275w_iebj36vt,HAP fits science image,D,mast:HST/product/hst_16287_36_wfc3_uvis_f275w_iebj36vt_drc.fits,SCIENCE,,DRC,,HAP-SVM,DrizzlePac 3.10.0,16287,hst_16287_36_wfc3_uvis_f275w_iebj36vt_drc.fits,106986240,62368214,PUBLIC,2,F275W
62368383,HST,image,hst_16287_36_wfc3_uvis_f275w_iebj36vu,HAP fits science image,D,mast:HST/product/hst_16287_36_wfc3_uvis_f275w_iebj36vu_drc.fits,SCIENCE,,DRC,,HAP-SVM,DrizzlePac 3.10.0,16287,hst_16287_36_wfc3_uvis_f275w_iebj36vu_drc.fits,106986240,62368214,PUBLIC,2,F275W
62368382,HST,image,hst_16287_36_wfc3_uvis_f275w_iebj36vv,HAP fits science image,D,mast:HST/product/hst_16287_36_wfc3_uvis_f275w_iebj36vv_drc.fits,SCIENCE,,DRC,,HAP-SVM,DrizzlePac 3.10.0,16287,hst_16287_36_wfc3_uvis_f275w_iebj36vv_drc.fits,106986240,62368214,PUBLIC,2,F275W
62368386,HST,image,hst_16287_36_wfc3_uvis_total_iebj36,HAP fits science image,D,mast:HST/product/hst_16287_36_wfc3_uvis_total_iebj36_drc.fits,SCIENCE,,DRC,,HAP-SVM,DrizzlePac 3.10.0,16287,hst_16287_36_wfc3_uvis_total_iebj36_drc.fits,106994880,62368214,PUBLIC,3,detection
60739548,HST,image,iebj28010,DADS DRC file - CTE-corrected calibrated combined image ACS/WFC3,D,mast:HST/product/iebj28010_drc.fits,SCIENCE,Minimum Recommended Products,DRC,,CALWF3,3.7.2 (Apr-15-2024),16287,iebj28010_drc.fits,217725120,60739548,PUBLIC,3,F275W
60739548,HST,image,iebj28010,DADS DRZ file - Calibrated combined image ACS/WFC3/WFPC2/STIS,D,mast:HST/product/iebj28010_drz.fits,SCIENCE,Minimum Recommended Products,DRZ,,CALWF3,3.7.2 (Apr-15-2024),16287,iebj28010_drz.fits,217725120,60739548,PUBLIC,3,F275W
62368214,HST,image,iebj36010,DADS DRC file - CTE-corrected calibrated combined image ACS/WFC3,D,mast:HST/product/iebj36010_drc.fits,SCIENCE,Minimum Recommended Products,DRC,,CALWF3,3.7.2 (Apr-15-2024),16287,iebj36010_drc.fits,54118080,62368214,PUBLIC,3,F275W
62368214,HST,image,iebj36010,DADS DRZ file - Calibrated combined image ACS/WFC3/WFPC2/STIS,D,mast:HST/product/iebj36010_drz.fits,SCIENCE,Minimum Recommended Products,DRZ,,CALWF3,3.7.2 (Apr-15-2024),16287,iebj36010_drz.fits,54118080,62368214,PUBLIC,3,F275W
71838579,HST,image,hst_16657_1j_wfc3_uvis_f275w_iep31j,HAP fits science image,D,mast:HST/product/hst_16657_1j_wfc3_uvis_f275w_iep31j_drc.fits,SCIENCE,Minimum Recommended Products,DRC,,HAP-SVM,DrizzlePac 3.10.0,16657,hst_16657_1j_wfc3_uvis_f275w_iep31j_drc.fits,378838080,71830582,PUBLIC,3,F275W
71838578,HST,image,hst_16657_1j_wfc3_uvis_f275w_iep31jie,HAP fits science image,D,mast:HST/product/hst_16657_1j_wfc3_uvis_f275w_iep31jie_drc.fits,SCIENCE,,DRC,,HAP-SVM,DrizzlePac 3.10.0,16657,hst_16657_1j_wfc3_uvis_f275w_iep31jie_drc.fits,378832320,71830582,PUBLIC,2,F275W
71838577,HST,image,hst_16657_1j_wfc3_uvis_f275w_iep31jif,HAP fits science image,D,mast:HST/product/hst_16657_1j_wfc3_uvis_f275w_iep31jif_drc.fits,SCIENCE,,DRC,,HAP-SVM,DrizzlePac 3.10.0,16657,hst_16657_1j_wfc3_uvis_f275w_iep31jif_drc.fits,378832320,71830582,PUBLIC,2,F275W
71838580,HST,image,hst_16657_1j_wfc3_uvis_total_iep31j,HAP fits science image,D,mast:HST/product/hst_16657_1j_wfc3_uvis_total_iep31j_drc.fits,SCIENCE,,DRC,,HAP-SVM,DrizzlePac 3.10.0,16657,hst_16657_1j_wfc3_uvis_total_iep31j_drc.fits,378838080,71830582,PUBLIC,3,detection
71830582,HST,image,iep31j010,DADS DRC file - CTE-corrected calibrated combined image ACS/WFC3,D,mast:HST/product/iep31j010_drc.fits,SCIENCE,Minimum Recommended Products,DRC,,CALWF3,3.7.2 (Apr-15-2024),16657,iep31j010_drc.fits,217359360,71830582,PUBLIC,3,F275W
71830582,HST,image,iep31j010,DADS DRZ file - Calibrated combined image ACS/WFC3/WFPC2/STIS,D,mast:HST/product/iep31j010_drz.fits,SCIENCE,Minimum Recommended Products,DRZ,,CALWF3,3.7.2 (Apr-15-2024),16657,iep31j010_drz.fits,217356480,71830582,PUBLIC,3,F275W
90624394,HST,image,hst_16741_0u_wfc3_uvis_f275w_iepo0u,HAP fits science image,D,mast:HST/product/hst_16741_0u_wfc3_uvis_f275w_iepo0u_drc.fits,SCIENCE,,DRC,,HAP-SVM,DrizzlePac 3.10.0,16741,hst_16741_0u_wfc3_uvis_f275w_iepo0u_drc.fits,430859520,90700092,PUBLIC,3,F275W
90624385,HST,image,hst_16741_0u_wfc3_uvis_f275w_iepo0uhq,HAP fits science image,D,mast:HST/product/hst_16741_0u_wfc3_uvis_f275w_iepo0uhq_drc.fits,SCIENCE,,DRC,,HAP-SVM,DrizzlePac 3.10.0,16741,hst_16741_0u_wfc3_uvis_f275w_iepo0uhq_drc.fits,430836480,90700092,PUBLIC,2,F275W
90624393,HST,image,hst_16741_0u_wfc3_uvis_f275w_iepo0uhr,HAP fits science image,D,mast:HST/product/hst_16741_0u_wfc3_uvis_f275w_iepo0uhr_drc.fits,SCIENCE,,DRC,,HAP-SVM,DrizzlePac 3.10.0,16741,hst_16741_0u_wfc3_uvis_f275w_iepo0uhr_drc.fits,430836480,90700092,PUBLIC,2,F275W
90624375,HST,image,hst_16741_0u_wfc3_uvis_f275w_iepo0uht,HAP fits science image,D,mast:HST/product/hst_16741_0u_wfc3_uvis_f275w_iepo0uht_drc.fits,SCIENCE,,DRC,,HAP-SVM,DrizzlePac 3.10.0,16741,hst_16741_0u_wfc3_uvis_f275w_iepo0uht_drc.fits,430836480,90700092,PUBLIC,2,F275W
90624380,HST,image,hst_16741_0u_wfc3_uvis_f275w_iepo0uhv,HAP fits science image,D,mast:HST/product/hst_16741_0u_wfc3_uvis_f275w_iepo0uhv_drc.fits,SCIENCE,,DRC,,HAP-SVM,DrizzlePac 3.10.0,16741,hst_16741_0u_wfc3_uvis_f275w_iepo0uhv_drc.fits,430836480,90700092,PUBLIC,2,F275W
90624396,HST,image,hst_16741_0u_wfc3_uvis_total_iepo0u,HAP fits science image,D,mast:HST/product/hst_16741_0u_wfc3_uvis_total_iepo0u_drc.fits,SCIENCE,,DRC,,HAP-SVM,DrizzlePac 3.10.0,16741,hst_16741_0u_wfc3_uvis_total_iepo0u_drc.fits,430859520,90700092,PUBLIC,3,detection
89585659,HST,image,hst_16741_3d_wfc3_uvis_f275w_iepo3d,HAP fits science image,D,mast:HST/product/hst_16741_3d_wfc3_uvis_f275w_iepo3d_drc.fits,SCIENCE,,DRC,,HAP-SVM,DrizzlePac 3.10.0,16741,hst_16741_3d_wfc3_uvis_f275w_iepo3d_drc.fits,222045120,90547698,PUBLIC,3,F275W
89585626,HST,image,hst_16741_3d_wfc3_uvis_f275w_iepo3djf,HAP fits science image,D,mast:HST/product/hst_16741_3d_wfc3_uvis_f275w_iepo3djf_drc.fits,SCIENCE,,DRC,,HAP-SVM,DrizzlePac 3.10.0,16741,hst_16741_3d_wfc3_uvis_f275w_iepo3djf_drc.fits,222033600,90547698,PUBLIC,2,F275W
89585655,HST,image,hst_16741_3d_wfc3_uvis_f275w_iepo3djg,HAP fits science image,D,mast:HST/product/hst_16741_3d_wfc3_uvis_f275w_iepo3djg_drc.fits,SCIENCE,,DRC,,HAP-SVM,DrizzlePac 3.10.0,16741,hst_16741_3d_wfc3_uvis_f275w_iepo3djg_drc.fits,222033600,90547698,PUBLIC,2,F275W
89585652,HST,image,hst_16741_3d_wfc3_uvis_f275w_iepo3dji,HAP fits science image,D,mast:HST/product/hst_16741_3d_wfc3_uvis_f275w_iepo3dji_drc.fits,SCIENCE,,DRC,,HAP-SVM,DrizzlePac 3.10.0,16741,hst_16741_3d_wfc3_uvis_f275w_iepo3dji_drc.fits,222033600,90547698,PUBLIC,2,F275W
89585670,HST,image,hst_16741_3d_wfc3_uvis_total_iepo3d,HAP fits science image,D,mast:HST/product/hst_16741_3d_wfc3_uvis_total_iepo3d_drc.fits,SCIENCE,,DRC,,HAP-SVM,DrizzlePac 3.10.0,16741,hst_16741_3d_wfc3_uvis_total_iepo3d_drc.fits,222045120,90547698,PUBLIC,3,detection
75516359,HST,image,hst_16741_44_wfc3_uvis_f275w_iepo44,HAP fits science image,D,mast:HST/product/hst_16741_44_wfc3_uvis_f275w_iepo44_drc.fits,SCIENCE,,DRC,,HAP-SVM,DrizzlePac 3.10.0,16741,hst_16741_44_wfc3_uvis_f275w_iepo44_drc.fits,415952640,83216342,PUBLIC,3,F275W
75516182,HST,image,hst_16741_44_wfc3_uvis_f275w_iepo44cg,HAP fits science image,D,mast:HST/product/hst_16741_44_wfc3_uvis_f275w_iepo44cg_drc.fits,SCIENCE,,DRC,,HAP-SVM,DrizzlePac 3.10.0,16741,hst_16741_44_wfc3_uvis_f275w_iepo44cg_drc.fits,415941120,83216342,PUBLIC,2,F275W
75515977,HST,image,hst_16741_44_wfc3_uvis_f275w_iepo44ch,HAP fits science image,D,mast:HST/product/hst_16741_44_wfc3_uvis_f275w_iepo44ch_drc.fits,SCIENCE,,DRC,,HAP-SVM,DrizzlePac 3.10.0,16741,hst_16741_44_wfc3_uvis_f275w_iepo44ch_drc.fits,415941120,83216342,PUBLIC,2,F275W
75515992,HST,image,hst_16741_44_wfc3_uvis_f275w_iepo44cj,HAP fits science image,D,mast:HST/product/hst_16741_44_wfc3_uvis_f275w_iepo44cj_drc.fits,SCIENCE,,DRC,,HAP-SVM,DrizzlePac 3.10.0,16741,hst_16741_44_wfc3_uvis_f275w_iepo44cj_drc.fits,415941120,83216342,PUBLIC,2,F275W
75516392,HST,image,hst_16741_44_wfc3_uvis_total_iepo44,HAP fits science image,D,mast:HST/product/hst_16741_44_wfc3_uvis_total_iepo44_drc.fits,SCIENCE,,DRC,,HAP-SVM,DrizzlePac 3.10.0,16741,hst_16741_44_wfc3_uvis_total_iepo44_drc.fits,415952640,83216342,PUBLIC,3,detection
89768956,HST,image,hst_16741_4i_wfc3_uvis_f275w_iepo4i,HAP fits science image,D,mast:HST/product/hst_16741_4i_wfc3_uvis_f275w_iepo4i_drc.fits,SCIENCE,,DRC,,HAP-SVM,DrizzlePac 3.10.0,16741,hst_16741_4i_wfc3_uvis_f275w_iepo4i_drc.fits,441866880,90657337,PUBLIC,3,F275W
89768887,HST,image,hst_16741_4i_wfc3_uvis_f275w_iepo4ip9,HAP fits science image,D,mast:HST/product/hst_16741_4i_wfc3_uvis_f275w_iepo4ip9_drc.fits,SCIENCE,,DRC,,HAP-SVM,DrizzlePac 3.10.0,16741,hst_16741_4i_wfc3_uvis_f275w_iepo4ip9_drc.fits,441843840,90657337,PUBLIC,2,F275W
89768883,HST,image,hst_16741_4i_wfc3_uvis_f275w_iepo4ipa,HAP fits science image,D,mast:HST/product/hst_16741_4i_wfc3_uvis_f275w_iepo4ipa_drc.fits,SCIENCE,,DRC,,HAP-SVM,DrizzlePac 3.10.0,16741,hst_16741_4i_wfc3_uvis_f275w_iepo4ipa_drc.fits,441843840,90657337,PUBLIC,2,F275W
89768851,HST,image,hst_16741_4i_wfc3_uvis_f275w_iepo4ipc,HAP fits science image,D,mast:HST/product/hst_16741_4i_wfc3_uvis_f275w_iepo4ipc_drc.fits,SCIENCE,,DRC,,HAP-SVM,DrizzlePac 3.10.0,16741,hst_16741_4i_wfc3_uvis_f275w_iepo4ipc_drc.fits,441843840,90657337,PUBLIC,2,F275W
89768894,HST,image,hst_16741_4i_wfc3_uvis_f275w_iepo4ipe,HAP fits science image,D,mast:HST/product/hst_16741_4i_wfc3_uvis_f275w_iepo4ipe_drc.fits,SCIENCE,,DRC,,HAP-SVM,DrizzlePac 3.10.0,16741,hst_16741_4i_wfc3_uvis_f275w_iepo4ipe_drc.fits,441843840,90657337,PUBLIC,2,F275W
89768976,HST,image,hst_16741_4i_wfc3_uvis_total_iepo4i,HAP fits science image,D,mast:HST/product/hst_16741_4i_wfc3_uvis_total_iepo4i_drc.fits,SCIENCE,,DRC,,HAP-SVM,DrizzlePac 3.10.0,16741,hst_16741_4i_wfc3_uvis_total_iepo4i_drc.fits,441866880,90657337,PUBLIC,3,detection
74588915,HST,image,hst_16741_69_wfc3_uvis_f275w_iepo69,HAP fits science image,D,mast:HST/product/hst_16741_69_wfc3_uvis_f275w_iepo69_drc.fits,SCIENCE,,DRC,,HAP-SVM,DrizzlePac 3.10.0,16741,hst_16741_69_wfc3_uvis_f275w_iepo69_drc.fits,385824960,89368178,PUBLIC,3,F275W
74588912,HST,image,hst_16741_69_wfc3_uvis_f275w_iepo69g0,HAP fits science image,D,mast:HST/product/hst_16741_69_wfc3_uvis_f275w_iepo69g0_drc.fits,SCIENCE,,DRC,,HAP-SVM,DrizzlePac 3.10.0,16741,hst_16741_69_wfc3_uvis_f275w_iepo69g0_drc.fits,385813440,89368178,PUBLIC,2,F275W
74588914,HST,image,hst_16741_69_wfc3_uvis_f275w_iepo69g1,HAP fits science image,D,mast:HST/product/hst_16741_69_wfc3_uvis_f275w_iepo69g1_drc.fits,SCIENCE,,DRC,,HAP-SVM,DrizzlePac 3.10.0,16741,hst_16741_69_wfc3_uvis_f275w_iepo69g1_drc.fits,385813440,89368178,PUBLIC,2,F275W
74588913,HST,image,hst_16741_69_wfc3_uvis_f275w_iepo69g3,HAP fits science image,D,mast:HST/product/hst_16741_69_wfc3_uvis_f275w_iepo69g3_drc.fits,SCIENCE,,DRC,,HAP-SVM,DrizzlePac 3.10.0,16741,hst_16741_69_wfc3_uvis_f275w_iepo69g3_drc.fits,385813440,89368178,PUBLIC,2,F275W
74588916,HST,image,hst_16741_69_wfc3_uvis_total_iepo69,HAP fits science image,D,mast:HST/product/hst_16741_69_wfc3_uvis_total_iepo69_drc.fits,SCIENCE,,DRC,,HAP-SVM,DrizzlePac 3.10.0,16741,hst_16741_69_wfc3_uvis_total_iepo69_drc.fits,385824960,89368178,PUBLIC,3,detection
146693111,HST,image,hst_17179_0h_wfc3_uvis_f275w_if0g0h,HAP fits science image,D,mast:HST/product/hst_17179_0h_wfc3_uvis_f275w_if0g0h_drc.fits,SCIENCE,,DRC,,HAP-SVM,DrizzlePac 3.10.0,17179,hst_17179_0h_wfc3_uvis_f275w_if0g0h_drc.fits,377297280,154322129,PUBLIC,3,F275W
146692937,HST,image,hst_17179_0h_wfc3_uvis_f275w_if0g0hs9,HAP fits science image,D,mast:HST/product/hst_17179_0h_wfc3_uvis_f275w_if0g0hs9_drc.fits,SCIENCE,,DRC,,HAP-SVM,DrizzlePac 3.10.0,17179,hst_17179_0h_wfc3_uvis_f275w_if0g0hs9_drc.fits,377285760,154322129,PUBLIC,2,F275W
146693084,HST,image,hst_17179_0h_wfc3_uvis_f275w_if0g0hsa,HAP fits science image,D,mast:HST/product/hst_17179_0h_wfc3_uvis_f275w_if0g0hsa_drc.fits,SCIENCE,,DRC,,HAP-SVM,DrizzlePac 3.10.0,17179,hst_17179_0h_wfc3_uvis_f275w_if0g0hsa_drc.fits,377285760,154322129,PUBLIC,2,F275W
146693097,HST,image,hst_17179_0h_wfc3_uvis_f275w_if0g0hsc,HAP fits science image,D,mast:HST/product/hst_17179_0h_wfc3_uvis_f275w_if0g0hsc_drc.fits,SCIENCE,,DRC,,HAP-SVM,DrizzlePac 3.10.0,17179,hst_17179_0h_wfc3_uvis_f275w_if0g0hsc_drc.fits,377285760,154322129,PUBLIC,2,F275W
146693122,HST,image,hst_17179_0h_wfc3_uvis_total_if0g0h,HAP fits science image,D,mast:HST/product/hst_17179_0h_wfc3_uvis_total_if0g0h_drc.fits,SCIENCE,,DRC,,HAP-SVM,DrizzlePac 3.10.0,17179,hst_17179_0h_wfc3_uvis_total_if0g0h_drc.fits,377297280,154322129,PUBLIC,3,detection
124400919,HST,image,hst_17179_1b_wfc3_uvis_f275w_if0g1b,HAP fits science image,D,mast:HST/product/hst_17179_1b_wfc3_uvis_f275w_if0g1b_drc.fits,SCIENCE,,DRC,,HAP-SVM,DrizzlePac 3.10.0,17179,hst_17179_1b_wfc3_uvis_f275w_if0g1b_drc.fits,348120000,129658367,PUBLIC,3,F275W
124400910,HST,image,hst_17179_1b_wfc3_uvis_f275w_if0g1ba1,HAP fits science image,D,mast:HST/product/hst_17179_1b_wfc3_uvis_f275w_if0g1ba1_drc.fits,SCIENCE,,DRC,,HAP-SVM,DrizzlePac 3.10.0,17179,hst_17179_1b_wfc3_uvis_f275w_if0g1ba1_drc.fits,348108480,129658367,PUBLIC,2,F275W
124400903,HST,image,hst_17179_1b_wfc3_uvis_f275w_if0g1ba2,HAP fits science image,D,mast:HST/product/hst_17179_1b_wfc3_uvis_f275w_if0g1ba2_drc.fits,SCIENCE,,DRC,,HAP-SVM,DrizzlePac 3.10.0,17179,hst_17179_1b_wfc3_uvis_f275w_if0g1ba2_drc.fits,348108480,129658367,PUBLIC,2,F275W
124400897,HST,image,hst_17179_1b_wfc3_uvis_f275w_if0g1ba4,HAP fits science image,D,mast:HST/product/hst_17179_1b_wfc3_uvis_f275w_if0g1ba4_drc.fits,SCIENCE,,DRC,,HAP-SVM,DrizzlePac 3.10.0,17179,hst_17179_1b_wfc3_uvis_f275w_if0g1ba4_drc.fits,348108480,129658367,PUBLIC,2,F275W
124400928,HST,image,hst_17179_1b_wfc3_uvis_total_if0g1b,HAP fits science image,D,mast:HST/product/hst_17179_1b_wfc3_uvis_total_if0g1b_drc.fits,SCIENCE,,DRC,,HAP-SVM,DrizzlePac 3.10.0,17179,hst_17179_1b_wfc3_uvis_total_if0g1b_drc.fits,348120000,129658367,PUBLIC,3,detection
213027190,HST,image,hst_17179_73_wfc3_uvis_f275w_if0g73,HAP fits science image,D,mast:HST/product/hst_17179_73_wfc3_uvis_f275w_if0g73_drc.fits,SCIENCE,,DRC,,HAP-SVM,DrizzlePac 3.10.0,17179,hst_17179_73_wfc3_uvis_f275w_if0g73_drc.fits,361503360,213502019,PUBLIC,3,F275W
213027175,HST,image,hst_17179_73_wfc3_uvis_f275w_if0g73e5,HAP fits science image,D,mast:HST/product/hst_17179_73_wfc3_uvis_f275w_if0g73e5_drc.fits,SCIENCE,,DRC,,HAP-SVM,DrizzlePac 3.10.0,17179,hst_17179_73_wfc3_uvis_f275w_if0g73e5_drc.fits,361491840,213502019,PUBLIC,2,F275W
213027176,HST,image,hst_17179_73_wfc3_uvis_f275w_if0g73e6,HAP fits science image,D,mast:HST/product/hst_17179_73_wfc3_uvis_f275w_if0g73e6_drc.fits,SCIENCE,,DRC,,HAP-SVM,DrizzlePac 3.10.0,17179,hst_17179_73_wfc3_uvis_f275w_if0g73e6_drc.fits,361491840,213502019,PUBLIC,2,F275W
213027173,HST,image,hst_17179_73_wfc3_uvis_f275w_if0g73e8,HAP fits science image,D,mast:HST/product/hst_17179_73_wfc3_uvis_f275w_if0g73e8_drc.fits,SCIENCE,,DRC,,HAP-SVM,DrizzlePac 3.10.0,17179,hst_17179_73_wfc3_uvis_f275w_if0g73e8_drc.fits,361491840,213502019,PUBLIC,2,F275W
213027192,HST,image,hst_17179_73_wfc3_uvis_total_if0g73,HAP fits science image,D,mast:HST/product/hst_17179_73_wfc3_uvis_total_if0g73_drc.fits,SCIENCE,,DRC,,HAP-SVM,DrizzlePac 3.10.0,17179,hst_17179_73_wfc3_uvis_total_if0g73_drc.fits,361503360,213502019,PUBLIC,3,detection
83226800,HST,image,hst_skycell-p0030x12y20_wfc3_uvis_f275w_all,HAP fits science image,D,mast:HST/product/hst_skycell-p0030x12y20_wfc3_uvis_f275w_all_drc.fits,SCIENCE,Minimum Recommended Products,DRC,,HAP-MVM,DrizzlePac 3.7.1.1,,hst_skycell-p0030x12y20_wfc3_uvis_f275w_all_drc.fits,91923840,26659390,PUBLIC,3,F275W
87511266,HST,image,hst_skycell-p0030x13y20_wfc3_uvis_f275w_all,HAP fits science image,D,mast:HST/product/hst_skycell-p0030x13y20_wfc3_uvis_f275w_all_drc.fits,SCIENCE,Minimum Recommended Products,DRC,,HAP-MVM,DrizzlePac 3.7.1.1,,hst_skycell-p0030x13y20_wfc3_uvis_f275w_all_drc.fits,29151360,26659390,PUBLIC,3,F275W
83664068,HST,image,hst_skycell-p0052x06y03_wfc3_uvis_f275w_all,HAP fits science image,D,mast:HST/product/hst_skycell-p0052x06y03_wfc3_uvis_f275w_all_drc.fits,SCIENCE,Minimum Recommended Products,DRC,,HAP-MVM,DrizzlePac 3.7.1.1,,hst_skycell-p0052x06y03_wfc3_uvis_f275w_all_drc.fits,24877440,26659390,PUBLIC,3,F275W
83200287,HST,image,hst_skycell-p0052x06y04_wfc3_uvis_f275w_all,HAP fits science image,D,mast:HST/product/hst_skycell-p0052x06y04_wfc3_uvis_f275w_all_drc.fits,SCIENCE,Minimum Recommended Products,DRC,,HAP-MVM,DrizzlePac 3.7.1.1,,hst_skycell-p0052x06y04_wfc3_uvis_f275w_all_drc.fits,74286720,26659390,PUBLIC,3,F275W
83219824,HST,image,hst_skycell-p0052x07y03_wfc3_uvis_f275w_all,HAP fits science image,D,mast:HST/product/hst_skycell-p0052x07y03_wfc3_uvis_f275w_all_drc.fits,SCIENCE,Minimum Recommended Products,DRC,,HAP-MVM,DrizzlePac 3.7.1.1,,hst_skycell-p0052x07y03_wfc3_uvis_f275w_all_drc.fits,49236480,26659390,PUBLIC,3,F275W
87527840,HST,image,hst_skycell-p0052x07y04_wfc3_uvis_f275w_all,HAP fits science image,D,mast:HST/product/hst_skycell-p0052x07y04_wfc3_uvis_f275w_all_drc.fits,SCIENCE,Minimum Recommended Products,DRC,,HAP-MVM,DrizzlePac 3.7.1.1,,hst_skycell-p0052x07y04_wfc3_uvis_f275w_all_drc.fits,105206400,26659390,PUBLIC,3,F275W
83229088,HST,image,hst_skycell-p0083x04y13_wfc3_uvis_f275w_all,HAP fits science image,D,mast:HST/product/hst_skycell-p0083x04y13_wfc3_uvis_f275w_all_drc.fits,SCIENCE,,DRC,,HAP-MVM,DrizzlePac 3.7.1.1,,hst_skycell-p0083x04y13_wfc3_uvis_f275w_all_drc.fits,631287360,26659155,PUBLIC,3,F275W
208763866,HST,image,hst_skycell-p0084x20y12_wfc3_uvis_f275w_all,HAP fits science image,D,mast:HST/product/hst_skycell-p0084x20y12_wfc3_uvis_f275w_all_drc.fits,SCIENCE,Minimum Recommended Products,DRC,,HAP-MVM,DrizzlePac 3.7.1.1,,hst_skycell-p0084x20y12_wfc3_uvis_f275w_all_drc.fits,62138880,26659155,PUBLIC,3,F275W
208763856,HST,image,hst_skycell-p0084x20y13_wfc3_uvis_f275w_all,HAP fits science image,D,mast:HST/product/hst_skycell-p0084x20y13_wfc3_uvis_f275w_all_drc.fits,SCIENCE,Minimum Recommended Products,DRC,,HAP-MVM,DrizzlePac 3.7.1.1,,hst_skycell-p0084x20y13_wfc3_uvis_f275w_all_drc.fits,915039360,26659155,PUBLIC,3,F275W
90612605,HST,image,hst_skycell-p0107x08y16_wfc3_uvis_f275w_all,HAP fits science image,D,mast:HST/product/hst_skycell-p0107x08y16_wfc3_uvis_f275w_all_drc.fits,SCIENCE,Minimum Recommended Products,DRC,,HAP-MVM,DrizzlePac 3.7.1.1,,hst_skycell-p0107x08y16_wfc3_uvis_f275w_all_drc.fits,43891200,26651586,PUBLIC,3,F275W
87511391,HST,image,hst_skycell-p0107x09y16_wfc3_uvis_f275w_all,HAP fits science image,D,mast:HST/product/hst_skycell-p0107x09y16_wfc3_uvis_f275w_all_drc.fits,SCIENCE,Minimum Recommended Products,DRC,,HAP-MVM,DrizzlePac 3.7.1.1,,hst_skycell-p0107x09y16_wfc3_uvis_f275w_all_drc.fits,115217280,26651586,PUBLIC,3,F275W
83225603,HST,image,hst_skycell-p0306x11y04_wfc3_uvis_f275w_all,HAP fits science image,D,mast:HST/product/hst_skycell-p0306x11y04_wfc3_uvis_f275w_all_drc.fits,SCIENCE,Minimum Recommended Products,DRC,,HAP-MVM,DrizzlePac 3.7.1.1,,hst_skycell-p0306x11y04_wfc3_uvis_f275w_all_drc.fits,261688320,26302984,PUBLIC,3,F275W
87512754,HST,image,hst_skycell-p0346x11y18_wfc3_uvis_f275w_all,HAP fits science image,D,mast:HST/product/hst_skycell-p0346x11y18_wfc3_uvis_f275w_all_drc.fits,SCIENCE,Minimum Recommended Products,DRC,,HAP-MVM,DrizzlePac 3.7.1.1,,hst_skycell-p0346x11y18_wfc3_uvis_f275w_all_drc.fits,62297280,26572275,PUBLIC,3,F275W
87512576,HST,image,hst_skycell-p0358x11y07_wfc3_uvis_f275w_all,HAP fits science image,D,mast:HST/product/hst_skycell-p0358x11y07_wfc3_uvis_f275w_all_drc.fits,SCIENCE,Minimum Recommended Products,DRC,,HAP-MVM,DrizzlePac 3.7.1.1,,hst_skycell-p0358x11y07_wfc3_uvis_f275w_all_drc.fits,136926720,26655851,PUBLIC,3,F275W
83222853,HST,image,hst_skycell-p0358x12y07_wfc3_uvis_f275w_all,HAP fits science image,D,mast:HST/product/hst_skycell-p0358x12y07_wfc3_uvis_f275w_all_drc.fits,SCIENCE,Minimum Recommended Products,DRC,,HAP-MVM,DrizzlePac 3.7.1.1,,hst_skycell-p0358x12y07_wfc3_uvis_f275w_all_drc.fits,149552640,26655851,PUBLIC,3,F275W
83217135,HST,image,hst_skycell-p0409x05y01_wfc3_uvis_f275w_all,HAP fits science image,D,mast:HST/product/hst_skycell-p0409x05y01_wfc3_uvis_f275w_all_drc.fits,SCIENCE,Minimum Recommended Products,DRC,,HAP-MVM,DrizzlePac 3.7.1.1,,hst_skycell-p0409x05y01_wfc3_uvis_f275w_all_drc.fits,63172800,26572275,PUBLIC,3,F275W
129658367,HST,image,hst_skycell-p0458x03y04_wfc3_uvis_f275w_all,HAP fits science image,D,mast:HST/product/hst_skycell-p0458x03y04_wfc3_uvis_f275w_all_drc.fits,SCIENCE,Minimum Recommended Products,DRC,,HAP-MVM,DrizzlePac 3.7.1.1,,hst_skycell-p0458x03y04_wfc3_uvis_f275w_all_drc.fits,225492480,129658367,PUBLIC,3,F275W
90657337,HST,image,hst_skycell-p0497x09y14_wfc3_uvis_f275w_all,HAP fits science image,D,mast:HST/product/hst_skycell-p0497x09y14_wfc3_uvis_f275w_all_drc.fits,SCIENCE,Minimum Recommended Products,DRC,,HAP-MVM,DrizzlePac 3.7.1.1,,hst_skycell-p0497x09y14_wfc3_uvis_f275w_all_drc.fits,2458733760,90657337,PUBLIC,3,F275W
87526963,HST,image,hst_skycell-p0498x16y19_wfc3_uvis_f275w_all,HAP fits science image,D,mast:HST/product/hst_skycell-p0498x16y19_wfc3_uvis_f275w_all_drc.fits,SCIENCE,Minimum Recommended Products,DRC,,HAP-MVM,DrizzlePac 3.7.1.1,,hst_skycell-p0498x16y19_wfc3_uvis_f275w_all_drc.fits,1248744960,26693490,PUBLIC,3,F275W
90657779,HST,image,hst_skycell-p0498x17y19_wfc3_uvis_f275w_all,HAP fits science image,D,mast:HST/product/hst_skycell-p0498x17y19_wfc3_uvis_f275w_all_drc.fits,SCIENCE,Minimum Recommended Products,DRC,,HAP-MVM,DrizzlePac 3.7.1.1,,hst_skycell-p0498x17y19_wfc3_uvis_f275w_all_drc.fits,1839709440,26693490,PUBLIC,3,F275W
89368178,HST,image,hst_skycell-p0502x10y08_wfc3_uvis_f275w_all,HAP fits science image,D,mast:HST/product/hst_skycell-p0502x10y08_wfc3_uvis_f275w_all_drc.fits,SCIENCE,Minimum Recommended Products,DRC,,HAP-MVM,DrizzlePac 3.7.1.1,,hst_skycell-p0502x10y08_wfc3_uvis_f275w_all_drc.fits,430145280,89368178,PUBLIC,3,F275W
83216838,HST,image,hst_skycell-p0570x06y02_wfc3_uvis_f275w_all,HAP fits science image,D,mast:HST/product/hst_skycell-p0570x06y02_wfc3_uvis_f275w_all_drc.fits,SCIENCE,Minimum Recommended Products,DRC,,HAP-MVM,DrizzlePac 3.7.1.1,,hst_skycell-p0570x06y02_wfc3_uvis_f275w_all_drc.fits,1194935040,26693490,PUBLIC,3,F275W
87526784,HST,image,hst_skycell-p0570x07y02_wfc3_uvis_f275w_all,HAP fits science image,D,mast:HST/product/hst_skycell-p0570x07y02_wfc3_uvis_f275w_all_drc.fits,SCIENCE,Minimum Recommended Products,DRC,,HAP-MVM,DrizzlePac 3.7.1.1,,hst_skycell-p0570x07y02_wfc3_uvis_f275w_all_drc.fits,606700800,26693490,PUBLIC,3,F275W
83784029,HST,image,hst_skycell-p0733x03y13_wfc3_uvis_f275w_all,HAP fits science image,D,mast:HST/product/hst_skycell-p0733x03y13_wfc3_uvis_f275w_all_drc.fits,SCIENCE,Minimum Recommended Products,DRC,,HAP-MVM,DrizzlePac 3.7.1.1,,hst_skycell-p0733x03y13_wfc3_uvis_f275w_all_drc.fits,262154880,26660157,PUBLIC,3,F275W
87514278,HST,image,hst_skycell-p0876x05y15_wfc3_uvis_f275w_all,HAP fits science image,D,mast:HST/product/hst_skycell-p0876x05y15_wfc3_uvis_f275w_all_drc.fits,SCIENCE,Minimum Recommended Products,DRC,,HAP-MVM,DrizzlePac 3.7.1.1,,hst_skycell-p0876x05y15_wfc3_uvis_f275w_all_drc.fits,192620160,26651623,PUBLIC,3,F275W
213502027,HST,image,hst_skycell-p0927x03y11_wfc3_uvis_f275w_all,HAP fits science image,D,mast:HST/product/hst_skycell-p0927x03y11_wfc3_uvis_f275w_all_drc.fits,SCIENCE,Minimum Recommended Products,DRC,,HAP-MVM,DrizzlePac 3.7.1.1,,hst_skycell-p0927x03y11_wfc3_uvis_f275w_all_drc.fits,213148800,213502027,PUBLIC,3,F275W
213502019,HST,image,hst_skycell-p0928x19y11_wfc3_uvis_f275w_all,HAP fits science image,D,mast:HST/product/hst_skycell-p0928x19y11_wfc3_uvis_f275w_all_drc.fits,SCIENCE,Minimum Recommended Products,DRC,,HAP-MVM,DrizzlePac 3.7.1.1,,hst_skycell-p0928x19y11_wfc3_uvis_f275w_all_drc.fits,152317440,213502019,PUBLIC,3,F275W
213502026,HST,image,hst_skycell-p0928x20y11_wfc3_uvis_f275w_all,HAP fits science image,D,mast:HST/product/hst_skycell-p0928x20y11_wfc3_uvis_f275w_all_drc.fits,SCIENCE,Minimum Recommended Products,DRC,,HAP-MVM,DrizzlePac 3.7.1.1,,hst_skycell-p0928x20y11_wfc3_uvis_f275w_all_drc.fits,86376960,213502026,PUBLIC,3,F275W
83228398,HST,image,hst_skycell-p1144x03y20_wfc3_uvis_f275w_all,HAP fits science image,D,mast:HST/product/hst_skycell-p1144x03y20_wfc3_uvis_f275w_all_drc.fits,SCIENCE,Minimum Recommended Products,DRC,,HAP-MVM,DrizzlePac 3.7.1.1,,hst_skycell-p1144x03y20_wfc3_uvis_f275w_all_drc.fits,266843520,26659305,PUBLIC,3,F275W
90700092,HST,image,hst_skycell-p1152x18y08_wfc3_uvis_f275w_all,HAP fits science image,D,mast:HST/product/hst_skycell-p1152x18y08_wfc3_uvis_f275w_all_drc.fits,SCIENCE,Minimum Recommended Products,DRC,,HAP-MVM,DrizzlePac 3.7.1.1,,hst_skycell-p1152x18y08_wfc3_uvis_f275w_all_drc.fits,265533120,90700092,PUBLIC,3,F275W
87515514,HST,image,hst_skycell-p1233x03y03_wfc3_uvis_f275w_all,HAP fits science image,D,mast:HST/product/hst_skycell-p1233x03y03_wfc3_uvis_f275w_all_drc.fits,SCIENCE,Minimum Recommended Products,DRC,,HAP-MVM,DrizzlePac 3.7.1.1,,hst_skycell-p1233x03y03_wfc3_uvis_f275w_all_drc.fits,266705280,26659305,PUBLIC,3,F275W
154322208,HST,image,hst_skycell-p1236x18y13_wfc3_uvis_f275w_all,HAP fits science image,D,mast:HST/product/hst_skycell-p1236x18y13_wfc3_uvis_f275w_all_drc.fits,SCIENCE,Minimum Recommended Products,DRC,,HAP-MVM,DrizzlePac 3.7.1.1,,hst_skycell-p1236x18y13_wfc3_uvis_f275w_all_drc.fits,93945600,154322208,PUBLIC,3,F275W
154322129,HST,image,hst_skycell-p1236x18y14_wfc3_uvis_f275w_all,HAP fits science image,D,mast:HST/product/hst_skycell-p1236x18y14_wfc3_uvis_f275w_all_drc.fits,SCIENCE,Minimum Recommended Products,DRC,,HAP-MVM,DrizzlePac 3.7.1.1,,hst_skycell-p1236x18y14_wfc3_uvis_f275w_all_drc.fits,165006720,154322129,PUBLIC,3,F275W
83221578,HST,image,hst_skycell-p1286x13y18_wfc3_uvis_f275w_all,HAP fits science image,D,mast:HST/product/hst_skycell-p1286x13y18_wfc3_uvis_f275w_all_drc.fits,SCIENCE,Minimum Recommended Products,DRC,,HAP-MVM,DrizzlePac 3.7.1.1,,hst_skycell-p1286x13y18_wfc3_uvis_f275w_all_drc.fits,298247040,60739645,PUBLIC,3,F275W
87516327,HST,image,hst_skycell-p1317x06y19_wfc3_uvis_f275w_all,HAP fits science image,D,mast:HST/product/hst_skycell-p1317x06y19_wfc3_uvis_f275w_all_drc.fits,SCIENCE,Minimum Recommended Products,DRC,,HAP-MVM,DrizzlePac 3.7.1.1,,hst_skycell-p1317x06y19_wfc3_uvis_f275w_all_drc.fits,65888640,62368385,PUBLIC,3,F275W
83221082,HST,image,hst_skycell-p1376x13y01_wfc3_uvis_f275w_all,HAP fits science image,D,mast:HST/product/hst_skycell-p1376x13y01_wfc3_uvis_f275w_all_drc.fits,SCIENCE,Minimum Recommended Products,DRC,,HAP-MVM,DrizzlePac 3.7.1.1,,hst_skycell-p1376x13y01_wfc3_uvis_f275w_all_drc.fits,298696320,60739645,PUBLIC,3,F275W
83221058,HST,image,hst_skycell-p1379x18y09_wfc3_uvis_f275w_all,HAP fits science image,D,mast:HST/product/hst_skycell-p1379x18y09_wfc3_uvis_f275w_all_drc.fits,SCIENCE,Minimum Recommended Products,DRC,,HAP-MVM,DrizzlePac 3.7.1.1,,hst_skycell-p1379x18y09_wfc3_uvis_f275w_all_drc.fits,280437120,26659401,PUBLIC,3,F275W
87524597,HST,image,hst_skycell-p1379x18y10_wfc3_uvis_f275w_all,HAP fits science image,D,mast:HST/product/hst_skycell-p1379x18y10_wfc3_uvis_f275w_all_drc.fits,SCIENCE,Minimum Recommended Products,DRC,,HAP-MVM,DrizzlePac 3.7.1.1,,hst_skycell-p1379x18y10_wfc3_uvis_f275w_all_drc.fits,1821340800,26659401,PUBLIC,3,F275W
83207446,HST,image,hst_skycell-p1383x14y09_wfc3_uvis_f275w_all,HAP fits science image,D,mast:HST/product/hst_skycell-p1383x14y09_wfc3_uvis_f275w_all_drc.fits,SCIENCE,Minimum Recommended Products,DRC,,HAP-MVM,DrizzlePac 3.7.1.1,,hst_skycell-p1383x14y09_wfc3_uvis_f275w_all_drc.fits,265783680,26659090,PUBLIC,3,F275W
83226208,HST,image,hst_skycell-p1407x06y02_wfc3_uvis_f275w_all,HAP fits science image,D,mast:HST/product/hst_skycell-p1407x06y02_wfc3_uvis_f275w_all_drc.fits,SCIENCE,Minimum Recommended Products,DRC,,HAP-MVM,DrizzlePac 3.7.1.1,,hst_skycell-p1407x06y02_wfc3_uvis_f275w_all_drc.fits,65888640,62368385,PUBLIC,3,F275W
87517444,HST,image,hst_skycell-p1414x15y16_wfc3_uvis_f275w_all,HAP fits science image,D,mast:HST/product/hst_skycell-p1414x15y16_wfc3_uvis_f275w_all_drc.fits,SCIENCE,Minimum Recommended Products,DRC,,HAP-MVM,DrizzlePac 3.7.1.1,,hst_skycell-p1414x15y16_wfc3_uvis_f275w_all_drc.fits,198276480,26659407,PUBLIC,3,F275W
83727167,HST,image,hst_skycell-p1473x07y11_wfc3_uvis_f275w_all,HAP fits science image,D,mast:HST/product/hst_skycell-p1473x07y11_wfc3_uvis_f275w_all_drc.fits,SCIENCE,Minimum Recommended Products,DRC,,HAP-MVM,DrizzlePac 3.7.1.1,,hst_skycell-p1473x07y11_wfc3_uvis_f275w_all_drc.fits,110280960,26658993,PUBLIC,3,F275W
87517212,HST,image,hst_skycell-p1473x08y11_wfc3_uvis_f275w_all,HAP fits science image,D,mast:HST/product/hst_skycell-p1473x08y11_wfc3_uvis_f275w_all_drc.fits,SCIENCE,Minimum Recommended Products,DRC,,HAP-MVM,DrizzlePac 3.7.1.1,,hst_skycell-p1473x08y11_wfc3_uvis_f275w_all_drc.fits,123868800,26658993,PUBLIC,3,F275W
83759224,HST,image,hst_skycell-p1534x03y12_wfc3_uvis_f275w_all,HAP fits science image,D,mast:HST/product/hst_skycell-p1534x03y12_wfc3_uvis_f275w_all_drc.fits,SCIENCE,Minimum Recommended Products,DRC,,HAP-MVM,DrizzlePac 3.7.1.1,,hst_skycell-p1534x03y12_wfc3_uvis_f275w_all_drc.fits,252017280,83759224,PUBLIC,3,F275W
83216342,HST,image,hst_skycell-p1535x19y12_wfc3_uvis_f275w_all,HAP fits science image,D,mast:HST/product/hst_skycell-p1535x19y12_wfc3_uvis_f275w_all_drc.fits,SCIENCE,Minimum Recommended Products,DRC,,HAP-MVM,DrizzlePac 3.7.1.1,,hst_skycell-p1535x19y12_wfc3_uvis_f275w_all_drc.fits,250450560,83216342,PUBLIC,3,F275W
90561869,HST,image,hst_skycell-p1535x20y12_wfc3_uvis_f275w_all,HAP fits science image,D,mast:HST/product/hst_skycell-p1535x20y12_wfc3_uvis_f275w_all_drc.fits,SCIENCE,Minimum Recommended Products,DRC,,HAP-MVM,DrizzlePac 3.7.1.1,,hst_skycell-p1535x20y12_wfc3_uvis_f275w_all_drc.fits,2574720,90561869,PUBLIC,3,F275W
83774825,HST,image,hst_skycell-p1562x08y05_wfc3_uvis_f275w_all,HAP fits science image,D,mast:HST/product/hst_skycell-p1562x08y05_wfc3_uvis_f275w_all_drc.fits,SCIENCE,Minimum Recommended Products,DRC,,HAP-MVM,DrizzlePac 3.7.1.1,,hst_skycell-p1562x08y05_wfc3_uvis_f275w_all_drc.fits,142231680,26659126,PUBLIC,3,F275W
90547698,HST,image,hst_skycell-p1588x11y06_wfc3_uvis_f275w_all,HAP fits science image,D,mast:HST/product/hst_skycell-p1588x11y06_wfc3_uvis_f275w_all_drc.fits,SCIENCE,Minimum Recommended Products,DRC,,HAP-MVM,DrizzlePac 3.7.1.1,,hst_skycell-p1588x11y06_wfc3_uvis_f275w_all_drc.fits,535184640,90547698,PUBLIC,3,F275W
83217813,HST,image,hst_skycell-p1635x04y19_wfc3_uvis_f275w_all,HAP fits science image,D,mast:HST/product/hst_skycell-p1635x04y19_wfc3_uvis_f275w_all_drc.fits,SCIENCE,Minimum Recommended Products,DRC,,HAP-MVM,DrizzlePac 3.7.1.1,,hst_skycell-p1635x04y19_wfc3_uvis_f275w_all_drc.fits,2576505600,26689531,PUBLIC,3,F275W
208814942,HST,image,hst_skycell-p1636x21y19_wfc3_uvis_f275w_all,HAP fits science image,D,mast:HST/product/hst_skycell-p1636x21y19_wfc3_uvis_f275w_all_drc.fits,SCIENCE,Minimum Recommended Products,DRC,,HAP-MVM,DrizzlePac 3.7.1.1,,hst_skycell-p1636x21y19_wfc3_uvis_f275w_all_drc.fits,336885120,26689531,PUBLIC,3,F275W
83216229,HST,image,hst_skycell-p1668x14y09_wfc3_uvis_f275w_all,HAP fits science image,D,mast:HST/product/hst_skycell-p1668x14y09_wfc3_uvis_f275w_all_drc.fits,SCIENCE,Minimum Recommended Products,DRC,,HAP-MVM,DrizzlePac 3.7.1.1,,hst_skycell-p1668x14y09_wfc3_uvis_f275w_all_drc.fits,296104320,26669757,PUBLIC,3,F275W
83220671,HST,image,hst_skycell-p1689x05y16_wfc3_uvis_f275w_all,HAP fits science image,D,mast:HST/product/hst_skycell-p1689x05y16_wfc3_uvis_f275w_all_drc.fits,SCIENCE,Minimum Recommended Products,DRC,,HAP-MVM,DrizzlePac 3.7.1.1,,hst_skycell-p1689x05y16_wfc3_uvis_f275w_all_drc.fits,251320320,26659091,PUBLIC,3,F275W
87518209,HST,image,hst_skycell-p1719x08y08_wfc3_uvis_f275w_all,HAP fits science image,D,mast:HST/product/hst_skycell-p1719x08y08_wfc3_uvis_f275w_all_drc.fits,SCIENCE,Minimum Recommended Products,DRC,,HAP-MVM,DrizzlePac 3.7.1.1,,hst_skycell-p1719x08y08_wfc3_uvis_f275w_all_drc.fits,168491520,26651674,PUBLIC,3,F275W
87518185,HST,image,hst_skycell-p1719x09y08_wfc3_uvis_f275w_all,HAP fits science image,D,mast:HST/product/hst_skycell-p1719x09y08_wfc3_uvis_f275w_all_drc.fits,SCIENCE,Minimum Recommended Products,DRC,,HAP-MVM,DrizzlePac 3.7.1.1,,hst_skycell-p1719x09y08_wfc3_uvis_f275w_all_drc.fits,62570880,26651674,PUBLIC,3,F275W
83205078,HST,image,hst_skycell-p1721x19y13_wfc3_uvis_f275w_all,HAP fits science image,D,mast:HST/product/hst_skycell-p1721x19y13_wfc3_uvis_f275w_all_drc.fits,SCIENCE,Minimum Recommended Products,DRC,,HAP-MVM,DrizzlePac 3.7.1.1,,hst_skycell-p1721x19y13_wfc3_uvis_f275w_all_drc.fits,230313600,26651728,PUBLIC,3,F275W
87486983,HST,image,hst_skycell-p1722x05y02_wfc3_uvis_f275w_all,HAP fits science image,D,mast:HST/product/hst_skycell-p1722x05y02_wfc3_uvis_f275w_all_drc.fits,SCIENCE,Minimum Recommended Products,DRC,,HAP-MVM,DrizzlePac 3.7.1.1,,hst_skycell-p1722x05y02_wfc3_uvis_f275w_all_drc.fits,2291385600,26689531,PUBLIC,3,F275W
87486354,HST,image,hst_skycell-p1762x02y12_wfc3_uvis_f275w_all,HAP fits science image,D,mast:HST/product/hst_skycell-p1762x02y12_wfc3_uvis_f275w_all_drc.fits,SCIENCE,Minimum Recommended Products,DRC,,HAP-MVM,DrizzlePac 3.7.1.1,,hst_skycell-p1762x02y12_wfc3_uvis_f275w_all_drc.fits,122353920,26690488,PUBLIC,3,F275W
87486781,HST,image,hst_skycell-p1762x03y12_wfc3_uvis_f275w_all,HAP fits science image,D,mast:HST/product/hst_skycell-p1762x03y12_wfc3_uvis_f275w_all_drc.fits,SCIENCE,Minimum Recommended Products,DRC,,HAP-MVM,DrizzlePac 3.7.1.1,,hst_skycell-p1762x03y12_wfc3_uvis_f275w_all_drc.fits,468230400,26690488,PUBLIC,3,F275W
83199642,HST,image,hst_skycell-p1763x19y12_wfc3_uvis_f275w_all,HAP fits science image,D,mast:HST/product/hst_skycell-p1763x19y12_wfc3_uvis_f275w_all_drc.fits,SCIENCE,Minimum Recommended Products,DRC,,HAP-MVM,DrizzlePac 3.7.1.1,,hst_skycell-p1763x19y12_wfc3_uvis_f275w_all_drc.fits,520882560,26690488,PUBLIC,3,F275W
87518926,HST,image,hst_skycell-p2016x03y08_wfc3_uvis_f275w_all,HAP fits science image,D,mast:HST/product/hst_skycell-p2016x03y08_wfc3_uvis_f275w_all_drc.fits,SCIENCE,Minimum Recommended Products,DRC,,HAP-MVM,DrizzlePac 3.7.1.1,,hst_skycell-p2016x03y08_wfc3_uvis_f275w_all_drc.fits,205413120,26659130,PUBLIC,3,F275W
83206368,HST,image,hst_skycell-p2017x19y08_wfc3_uvis_f275w_all,HAP fits science image,D,mast:HST/product/hst_skycell-p2017x19y08_wfc3_uvis_f275w_all_drc.fits,SCIENCE,Minimum Recommended Products,DRC,,HAP-MVM,DrizzlePac 3.7.1.1,,hst_skycell-p2017x19y08_wfc3_uvis_f275w_all_drc.fits,212555520,26659130,PUBLIC,3,F275W
