targname,matched_snname,cubename,rasn,decsn,sntype,fits_subfolder,fits_filename,fits_relpath,redshift,redshift_source
ASASSN-13AN-HOST,SN2013da,ASASSN-13an,13:45:36.209,-07:19:32.59,Ia,data/hst_programs/17179/drc/MAST_2025-08-10T09_44_38.398Z/HST,if0g01010_drc.fits,data/hst_programs/17179/drc/MAST_2025-08-10T09_44_38.398Z/HST/if0g01010_drc.fits,0.024245,corez_zobs
ASASSN-13AR-HOST,SN2013dl,ASASSN-13ar,01:18:41.760,-07:26:39.70,Ia,data/hst_programs/16741/drc/MAST_2025-09-30T10_42_02.034Z/HST,iepo2v010_drc.fits,data/hst_programs/16741/drc/MAST_2025-09-30T10_42_02.034Z/HST/iepo2v010_drc.fits,0.017731,corez_zobs
ASASSN-13BB-HOST,SN2013ef,ASASSN-13bb,01:55:20.710,+06:36:35.32,Ia,data/hst_programs/16741/drc/MAST_2025-09-30T10_42_02.034Z/HST,iepo3b010_drc.fits,data/hst_programs/16741/drc/MAST_2025-09-30T10_42_02.034Z/HST/iepo3b010_drc.fits,0.017251,corez_zobs
ASASSN-13CC-HOST,SN2013ex,ASASSN-13cc,05:32:46.620,-14:02:45.38,Ia,data/hst_programs/16741/drc/MAST_2025-09-30T10_42_02.034Z/HST,iepo01010_drc.fits,data/hst_programs/16741/drc/MAST_2025-09-30T10_42_02.034Z/HST/iepo01010_drc.fits,0.010242,corez_zobs
ASASSN-13CH-HOST,ASASSN-13ch,ASASSN-13ch,16:16:34.06,-00:35:27.38,Ia,data/hst_programs/17179/drc/MAST_2025-08-10T09_44_38.398Z/HST,if0g0l010_drc.fits,data/hst_programs/17179/drc/MAST_2025-08-10T09_44_38.398Z/HST/if0g0l010_drc.fits,0.016468,corez_zobs
ASASSN-13CJ-HOST,ASASSN-13cj,ASASSN-13cj,16:17:11.01,+04:33:14.72,Ia,data/hst_programs/17179/drc/MAST_2025-08-10T09_44_38.398Z/HST,if0g0m010_drc.fits,data/hst_programs/17179/drc/MAST_2025-08-10T09_44_38.398Z/HST/if0g0m010_drc.fits,0.016464,corez_zobs
ASASSN-13CP-HOST,ASASSN-13cp,ASASSN-13cp,15:33:49.236,+21:08:21.87,Ia,data/hst_programs/16741/drc/MAST_2025-09-30T10_42_02.034Z/HST,iepo71010_drc.fits,data/hst_programs/16741/drc/MAST_2025-09-30T10_42_02.034Z/HST/iepo71010_drc.fits,0.023508,corez_zobs
ASASSN-13CU-HOST,ASASSN-13cu,ASASSN-13cu,00:40:10.14,-10:26:25.90,Ia,data/hst_programs/17179/drc/MAST_2025-08-10T09_44_38.398Z/HST,if0g0n010_drc.fits,data/hst_programs/17179/drc/MAST_2025-08-10T09_44_38.398Z/HST/if0g0n010_drc.fits,0.02718,corez_zobs
SN2008HV-HOST,SN2008hv,ASASSN-13dd,09:07:34.061,+03:23:32.10,Ia,data/hst_programs/16741/drc/MAST_2025-09-30T10_42_02.034Z/HST,iepo1v010_drc.fits,data/hst_programs/16741/drc/MAST_2025-09-30T10_42_02.034Z/HST/iepo1v010_drc.fits,0.012646,corez_zobs
ASASSN-13DM-HOST,SN2013hk,ASASSN-13dm,03:02:10.850,+15:55:38.78,Ia,data/hst_programs/17179/drc/MAST_2025-08-10T09_44_38.398Z/HST,if0g0o010_drc.fits,data/hst_programs/17179/drc/MAST_2025-08-10T09_44_38.398Z/HST/if0g0o010_drc.fits,0.017004,corez_zobs
ASASSN-14BA-HOST,ASASSN-14ba,ASASSN-14ba,10:21:31.90,+08:24:21.12,Ia-91T,data/hst_programs/17179/drc/MAST_2025-08-10T09_44_38.398Z/HST,if0g0p010_drc.fits,data/hst_programs/17179/drc/MAST_2025-08-10T09_44_38.398Z/HST/if0g0p010_drc.fits,0.032646,corez_zobs
ASASSN-14CU-HOST,ASASSN-14cu,ASASSN-14cu,12:47:02.68,-24:14:41.30,Ia,data/hst_programs/16741/drc/MAST_2025-09-30T10_42_02.034Z/HST,iepo50010_drc.fits,data/hst_programs/16741/drc/MAST_2025-09-30T10_42_02.034Z/HST/iepo50010_drc.fits,0.024727,corez_zobs
ASASSN-14DB-HOST,ASASSN-14db,ASASSN-14db,22:02:01.85,-70:02:26.19,Ia,data/hst_programs/16741/drc/MAST_2025-09-30T10_42_02.034Z/HST,iepo0p010_drc.fits,data/hst_programs/16741/drc/MAST_2025-09-30T10_42_02.034Z/HST/iepo0p010_drc.fits,0.037378,corez_zobs
ASASSN-14DD-HOST,ASASSN-14dd,ASASSN-14dd,07:45:14.38,-71:24:14.04,Ibn,data/hst_programs/17179/drc/MAST_2025-08-10T09_44_38.398Z/HST,if0g0q010_drc.fits,data/hst_programs/17179/drc/MAST_2025-08-10T09_44_38.398Z/HST/if0g0q010_drc.fits,0.017842,corez_zobs
ASASSN-14DZ-HOST,ASASSN-14dz,ASASSN-14dz,15:05:54.522,+12:44:43.33,Ia,data/hst_programs/17179/drc/MAST_2025-08-10T09_44_38.398Z/HST,if0g23010_drc.fits,data/hst_programs/17179/drc/MAST_2025-08-10T09_44_38.398Z/HST/if0g23010_drc.fits,0.02232,corez_zobs
ASASSN-14FA-HOST,ASASSN-14fa,ASASSN-14fa,02:52:23.06,-31:49:18.00,Ia,data/hst_programs/17179/drc/MAST_2025-08-10T09_44_38.398Z/HST,if0g0r010_drc.fits,data/hst_programs/17179/drc/MAST_2025-08-10T09_44_38.398Z/HST/if0g0r010_drc.fits,0.022315,corez_zobs
ASASSN-14HR-HOST,ASASSN-14hr,ASASSN-14hr,01:50:41.27,-14:31:06.37,Ia,data/hst_programs/16741/drc/MAST_2025-09-30T10_42_02.034Z/HST,iepo03010_drc.fits,data/hst_programs/16741/drc/MAST_2025-09-30T10_42_02.034Z/HST/iepo03010_drc.fits,0.033551,corez_zobs
ASASSN-14HU-HOST,ASASSN-14hu,ASASSN-14hu,06:43:26.92,-69:38:14.70,Ia-91T,data/hst_programs/16741/drc/MAST_2025-09-30T10_42_02.034Z/HST,iepo04010_drc.fits,data/hst_programs/16741/drc/MAST_2025-09-30T10_42_02.034Z/HST/iepo04010_drc.fits,0.021634,corez_zobs
ASASSN14IG-HOST,ASASSN-14ig,ASASSN-14ig,01:16:04.95,-61:37:16.70,Ia,data/hst_programs/16741/drc/MAST_2025-09-30T10_42_02.034Z/HST,iepo2p010_drc.fits,data/hst_programs/16741/drc/MAST_2025-09-30T10_42_02.034Z/HST/iepo2p010_drc.fits,0.029115,corez_zobs
ASASSN-14JC-HOST,ASASSN-14jc,ASASSN-14jc,07:35:35.29,-62:46:12.64,Ia,data/hst_programs/16741/drc/MAST_2025-09-30T10_42_02.034Z/HST,iepo05010_drc.fits,data/hst_programs/16741/drc/MAST_2025-09-30T10_42_02.034Z/HST/iepo05010_drc.fits,0.011124,corez_zobs
ASASSN-14JG-HOST,ASASSN-14jg,ASASSN-14jg,23:33:13.90,-60:34:11.50,Ia,data/hst_programs/16741/drc/MAST_2025-09-30T10_42_02.034Z/HST,iepo06010_drc.fits,data/hst_programs/16741/drc/MAST_2025-09-30T10_42_02.034Z/HST/iepo06010_drc.fits,0.014806,corez_zobs
ASASSN-14KQ-HOST,ASASSN-14kq,ASASSN-14kq,23:45:15.51,-29:47:01.14,Ia-91T,data/hst_programs/16741/drc/MAST_2025-09-30T10_42_02.034Z/HST,iepo08010_drc.fits,data/hst_programs/16741/drc/MAST_2025-09-30T10_42_02.034Z/HST/iepo08010_drc.fits,0.033746,corez_zobs
ASASSN-14LT-HOST,ASASSN-14lt,ASASSN-14lt,03:11:02.54,-13:06:38.76,Ia-91T,data/hst_programs/16741/drc/MAST_2025-09-30T10_42_02.034Z/HST,iepo10010_drc.fits,data/hst_programs/16741/drc/MAST_2025-09-30T10_42_02.034Z/HST/iepo10010_drc.fits,0.031894,corez_zobs
ASASSN-14LV-HOST,ASASSN-14lv,ASASSN-14lv,23:32:07.37,-41:16:11.76,Ia,data/hst_programs/17179/drc/MAST_2025-08-10T09_44_38.398Z/HST,if0g06010_drc.fits,data/hst_programs/17179/drc/MAST_2025-08-10T09_44_38.398Z/HST/if0g06010_drc.fits,0.049281,corez_zobs
ASASSN-14ME-HOST,ASASSN-14me,ASASSN-14me,01:26:40.08,-57:59:49.31,Ia-91T,data/hst_programs/16741/drc/MAST_2025-09-30T10_42_02.034Z/HST,iepo12010_drc.fits,data/hst_programs/16741/drc/MAST_2025-09-30T10_42_02.034Z/HST/iepo12010_drc.fits,0.017868,corez_zobs
ASASSN-14MF-HOST,ASASSN-14mf,ASASSN-14mf,00:04:54.46,-32:26:14.63,Ia,data/hst_programs/17179/drc/MAST_2025-08-10T09_44_38.398Z/HST,if0g07010_drc.fits,data/hst_programs/17179/drc/MAST_2025-08-10T09_44_38.398Z/HST/if0g07010_drc.fits,0.031209,corez_zobs
ASASSN-14MG-HOST,ASASSN-14mg,ASASSN-14mg,02:53:58.10,-21:38:52.86,Ia,data/hst_programs/17179/drc/MAST_2025-08-10T09_44_38.398Z/HST,if0g0t010_drc.fits,data/hst_programs/17179/drc/MAST_2025-08-10T09_44_38.398Z/HST/if0g0t010_drc.fits,0.032295,corez_zobs
ASASSN-14MW-HOST,ASASSN-14mw,ASASSN-14mw,01:41:25.16,-65:37:01.26,Ia,data/hst_programs/16741/drc/MAST_2025-09-30T10_42_02.034Z/HST,iepo14010_drc.fits,data/hst_programs/16741/drc/MAST_2025-09-30T10_42_02.034Z/HST/iepo14010_drc.fits,0.026782,corez_zobs
ASASSN-15AJ-HOST,ASASSN-15aj,ASASSN-15aj,10:52:53.26,-32:55:34.86,Ia,data/hst_programs/16741/drc/MAST_2025-09-30T10_42_02.034Z/HST,iepo15010_drc.fits,data/hst_programs/16741/drc/MAST_2025-09-30T10_42_02.034Z/HST/iepo15010_drc.fits,0.011142,corez_zobs
ASASSN-15AS-HOST,ASASSN-15as,ASASSN-15as,09:39:16.55,+06:25:48.54,Ia-91T,data/hst_programs/16741/drc/MAST_2025-09-30T10_42_02.034Z/HST,iepo16010_drc.fits,data/hst_programs/16741/drc/MAST_2025-09-30T10_42_02.034Z/HST/iepo16010_drc.fits,0.028732,corez_zobs
ASASSN-15BA-HOST,ASASSN-15ba,ASASSN-15ba,14:04:55.09,+08:55:14.53,Ia,data/hst_programs/16741/drc/MAST_2025-09-30T10_42_02.034Z/HST,iepo17010_drc.fits,data/hst_programs/16741/drc/MAST_2025-09-30T10_42_02.034Z/HST/iepo17010_drc.fits,0.023225,corez_zobs
ASASSN-15BE-HOST,ASASSN-15be,ASASSN-15be,02:52:46.39,-34:18:52.52,Ia-91T,data/hst_programs/17179/drc/MAST_2025-08-10T09_44_38.398Z/HST,if0g10010_drc.fits,data/hst_programs/17179/drc/MAST_2025-08-10T09_44_38.398Z/HST/if0g10010_drc.fits,0.021522,corez_zobs
ASASSN-15BM-HOST,ASASSN-15bm,ASASSN-15bm,15:05:51.58,-05:37:37.05,Ia-91T,data/hst_programs/16741/drc/MAST_2025-09-30T10_42_02.034Z/HST,iepo19010_drc.fits,data/hst_programs/16741/drc/MAST_2025-09-30T10_42_02.034Z/HST/iepo19010_drc.fits,0.020711,corez_zobs
ASASSN-15DA-HOST,ASASSN-15da,ASASSN-15da,05:23:51.88,-24:42:08.38,Ia,data/hst_programs/16741/drc/MAST_2025-09-30T10_42_02.034Z/HST,iepo20010_drc.fits,data/hst_programs/16741/drc/MAST_2025-09-30T10_42_02.034Z/HST/iepo20010_drc.fits,0.048994,corez_zobs
ASASSN-15DB-HOST,ASASSN-15db,ASASSN-15db,15:46:58.69,+17:53:02.55,Ia,data/hst_programs/17179/drc/MAST_2025-08-10T09_44_38.398Z/HST,if0g12010_drc.fits,data/hst_programs/17179/drc/MAST_2025-08-10T09_44_38.398Z/HST/if0g12010_drc.fits,0.011,corez_zobs
ASASSN-15FR-HOST,ASASSN-15fr,ASASSN-15fr,09:20:20.44,-07:38:26.78,Ia-91T,data/hst_programs/16741/drc/MAST_2025-09-30T10_42_02.034Z/HST,iepo22010_drc.fits,data/hst_programs/16741/drc/MAST_2025-09-30T10_42_02.034Z/HST/iepo22010_drc.fits,0.033216,corez_zobs
ASASSN-15GO-HOST,ASASSN-15go,ASASSN-15go,06:11:30.50,-16:29:03.52,Ia,data/hst_programs/16741/drc/MAST_2025-09-30T10_42_02.034Z/HST,iepo23010_drc.fits,data/hst_programs/16741/drc/MAST_2025-09-30T10_42_02.034Z/HST/iepo23010_drc.fits,0.019127,corez_zobs
ASASSN-15HF-HOST,ASASSN-15hf,ASASSN-15hf,10:29:30.76,-35:15:35.20,Ia,data/hst_programs/17179/drc/MAST_2025-08-10T09_44_38.398Z/HST,if0g14010_drc.fits,data/hst_programs/17179/drc/MAST_2025-08-10T09_44_38.398Z/HST/if0g14010_drc.fits,0.005938,corez_zobs
ASASSN-15HG-HOST,ASASSN-15hg,ASASSN-15hg,09:53:48.62,+09:11:37.78,Ia,data/hst_programs/16741/drc/MAST_2025-09-30T10_42_02.034Z/HST,iepo25010_drc.fits,data/hst_programs/16741/drc/MAST_2025-09-30T10_42_02.034Z/HST/iepo25010_drc.fits,0.030008,corez_zobs
ASASSN-15HO-HOST,ASASSN-15ho,ASASSN-15ho,09:09:23.89,-04:43:30.98,Ia,data/hst_programs/17179/drc/MAST_2025-08-10T09_44_38.398Z/HST,if0g0u010_drc.fits,data/hst_programs/17179/drc/MAST_2025-08-10T09_44_38.398Z/HST/if0g0u010_drc.fits,0.041378,corez_zobs
ASASSN-15HX-HOST,ASASSN-15hx,ASASSN-15hx,13:43:16.692,-31:33:21.55,Ia,data/hst_programs/16741/drc/MAST_2025-09-30T10_42_02.034Z/HST,iepo26010_drc.fits,data/hst_programs/16741/drc/MAST_2025-09-30T10_42_02.034Z/HST/iepo26010_drc.fits,0.008188,corez_zobs
ARP10-HOST,SN2000dx,Arp10,02:18:26.880,+05:39:02.02,Ia,data/hst_programs/17179/drc/MAST_2025-08-10T09_44_38.398Z/HST,if0g0j010_drc.fits,data/hst_programs/17179/drc/MAST_2025-08-10T09_44_38.398Z/HST/if0g0j010_drc.fits,0.030369,corez_zobs
ARP303-HOST,SN2023abqf,Arp303,09:46:20.11,+03:04:16.58,Ia,data/hst_programs/17179/drc/MAST_2025-08-10T09_44_38.398Z/HST,if0g0k010_drc.fits,data/hst_programs/17179/drc/MAST_2025-08-10T09_44_38.398Z/HST/if0g0k010_drc.fits,0.019932,corez_zobs
CSP12J-HOST,CSP12J,CSP12J,06:07:01.59,-69:21:17.10,Ia-91bg,data/hst_programs/16741/drc/MAST_2025-09-30T10_42_02.034Z/HST,iepo28010_drc.fits,data/hst_programs/16741/drc/MAST_2025-09-30T10_42_02.034Z/HST/iepo28010_drc.fits,0.014756,corez_zobs
CSP12N-HOST,CSP12N,CSP12N,12:38:16.19,-15:06:32.15,Ia,data/hst_programs/16741/drc/MAST_2025-09-30T10_42_02.034Z/HST,iepo29010_drc.fits,data/hst_programs/16741/drc/MAST_2025-09-30T10_42_02.034Z/HST/iepo29010_drc.fits,0.097314,corez_zobs
CSP13Q-HOST,CSP13Q,CSP13Q,02:02:21.56,-65:44:08.66,Ia,data/hst_programs/16741/drc/MAST_2025-09-30T10_42_02.034Z/HST,iepo37010_drc.fits,data/hst_programs/16741/drc/MAST_2025-09-30T10_42_02.034Z/HST/iepo37010_drc.fits,0.089079,corez_zobs
CSP13V-HOST,CSP13V,CSP13V,10:13:10.00,-16:31:54.00,Ia,data/hst_programs/17179/drc/MAST_2025-08-10T09_44_38.398Z/HST,if0g20010_drc.fits,data/hst_programs/17179/drc/MAST_2025-08-10T09_44_38.398Z/HST/if0g20010_drc.fits,0.055605,corez_zobs
CSP13AAD-HOST,CSP13aad,CSP13aad,01:46:09.34,-67:28:00.10,Ia,data/hst_programs/16741/drc/MAST_2025-09-30T10_42_02.034Z/HST,iepo30010_drc.fits,data/hst_programs/16741/drc/MAST_2025-09-30T10_42_02.034Z/HST/iepo30010_drc.fits,0.086723,corez_zobs
CSP13AAF-HOST,CSP13aaf,CSP13aaf,09:55:08.22,+06:48:31.40,Ia-91T,data/hst_programs/17179/drc/MAST_2025-08-10T09_44_38.398Z/HST,if0g18010_drc.fits,data/hst_programs/17179/drc/MAST_2025-08-10T09_44_38.398Z/HST/if0g18010_drc.fits,0.077753,corez_zobs
CSP13AAM-HOST,CSP13aam,CSP13aam,05:14:47.50,-66:50:29.10,Ia-91T,data/hst_programs/17179/drc/MAST_2025-08-10T09_44_38.398Z/HST,if0g0w010_drc.fits,data/hst_programs/17179/drc/MAST_2025-08-10T09_44_38.398Z/HST/if0g0w010_drc.fits,0.07491,corez_zobs
CSP13AAO-HOST,CSP13aao,CSP13aao,05:58:30.38,-63:33:38.30,Ia,data/hst_programs/16741/drc/MAST_2025-09-30T10_42_02.034Z/HST,iepo32010_drc.fits,data/hst_programs/16741/drc/MAST_2025-09-30T10_42_02.034Z/HST/iepo32010_drc.fits,0.06148,corez_zobs
CSP13AAQ-HOST,CSP13aaq,CSP13aaq,04:19:47.21,-63:43:22.04,Ia,data/hst_programs/16741/drc/MAST_2025-09-30T10_42_02.034Z/HST,iepo33010_drc.fits,data/hst_programs/16741/drc/MAST_2025-09-30T10_42_02.034Z/HST/iepo33010_drc.fits,0.059722,corez_zobs
CSP13AAY-HOST,CSP13aay,CSP13aay,03:25:33.51,-53:44:19.00,Ia,data/hst_programs/16741/drc/MAST_2025-09-30T10_42_02.034Z/HST,iepo34010_drc.fits,data/hst_programs/16741/drc/MAST_2025-09-30T10_42_02.034Z/HST/iepo34010_drc.fits,0.059555,corez_zobs
CSP13ABL-HOST,CSP13abl,CSP13abl,06:38:06.97,-75:43:37.21,Ia,data/hst_programs/16741/drc/MAST_2025-09-30T10_42_02.034Z/HST,iepo35010_drc.fits,data/hst_programs/16741/drc/MAST_2025-09-30T10_42_02.034Z/HST/iepo35010_drc.fits,0.040023,corez_zobs
CSP13ABM-HOST,CSP13abm,CSP13abm,03:05:59.89,+04:32:38.20,Ia,data/hst_programs/16741/drc/MAST_2025-09-30T10_42_02.034Z/HST,iepo36010_drc.fits,data/hst_programs/16741/drc/MAST_2025-09-30T10_42_02.034Z/HST/iepo36010_drc.fits,0.028157,corez_zobs
CSP14AAL-HOST,CSP14aal,CSP14aal,09:57:39.11,+12:33:17.70,Ia,data/hst_programs/17179/drc/MAST_2025-08-10T09_44_38.398Z/HST,if0g0z010_drc.fits,data/hst_programs/17179/drc/MAST_2025-08-10T09_44_38.398Z/HST/if0g0z010_drc.fits,0.077313,corez_zobs
CSP14AAQ-HOST,CSP14aaq,CSP14aaq,06:13:48.04,-67:55:15.00,Ia-pec,data/hst_programs/16741/drc/MAST_2025-09-30T10_42_02.034Z/HST,iepo40010_drc.fits,data/hst_programs/16741/drc/MAST_2025-09-30T10_42_02.034Z/HST/iepo40010_drc.fits,0.036521,corez_zobs
CSP14AAR-HOST,CSP14aar,CSP14aar,05:48:23.49,-66:47:29.70,Ia,data/hst_programs/17179/drc/MAST_2025-08-10T09_44_38.398Z/HST,if0g1a010_drc.fits,data/hst_programs/17179/drc/MAST_2025-08-10T09_44_38.398Z/HST/if0g1a010_drc.fits,0.041974,corez_zobs
CSP14ABN-HOST,SN2014bz,CSP14abn,13:56:04.19,-43:35:09.90,Ia,data/hst_programs/17179/drc/MAST_2025-08-10T09_44_38.398Z/HST,if0g1b010_drc.fits,data/hst_programs/17179/drc/MAST_2025-08-10T09_44_38.398Z/HST/if0g1b010_drc.fits,0.022516,corez_zobs
CSP14ACL-HOST,CSP14acl,CSP14acl,01:01:07.04,-10:18:39.90,Ia-91T,data/hst_programs/17179/drc/MAST_2025-08-10T09_44_38.398Z/HST,if0g1c010_drc.fits,data/hst_programs/17179/drc/MAST_2025-08-10T09_44_38.398Z/HST/if0g1c010_drc.fits,0.029613,corez_zobs
CSS121006232854085452-HOST,CSS121006:232854+085452,CSS121006232854085452,23:28:54.48,+08:54:51.60,Ia,data/hst_programs/17179/drc/MAST_2025-08-10T09_44_38.398Z/HST,if0g1e010_drc.fits,data/hst_programs/17179/drc/MAST_2025-08-10T09_44_38.398Z/HST/if0g1e010_drc.fits,0.075645,corez_zobs
CSS121114090202101800-HOST,CSS121114:090202+101800,CSS121114_090202+101800,09:02:02.34,+10:18:00.10,Ia,data/hst_programs/16741/drc/MAST_2025-09-30T10_42_02.034Z/HST,iepo44010_drc.fits,data/hst_programs/16741/drc/MAST_2025-09-30T10_42_02.034Z/HST/iepo44010_drc.fits,0.037193,corez_zobs
CSS130317082848+293031-HOST,CSS130317:082848+293031,CSS130317_082848+293031,08:28:47.78,+29:30:30.80,Ia,data/hst_programs/17179/drc/MAST_2025-08-10T09_44_38.398Z/HST,if0g1f010_drc.fits,data/hst_programs/17179/drc/MAST_2025-08-10T09_44_38.398Z/HST/if0g1f010_drc.fits,0.078281,corez_zobs
SN2020XYW-HOST,SN2020xyw,ESO123-11,07:28:08.020,-62:21:28.91,Ia,data/hst_programs/17179/drc/MAST_2025-08-10T09_44_38.398Z/HST,if0g71010_drc.fits,data/hst_programs/17179/drc/MAST_2025-08-10T09_44_38.398Z/HST/if0g71010_drc.fits,0.010807,corez_zobs
SN2003IC-HOST,SN2003ic,Holm15A,00:41:50.230,-09:18:19.01,Ia,data/hst_programs/17179/drc/MAST_2025-08-10T09_44_38.398Z/HST,if0g2z010_drc.fits,data/hst_programs/17179/drc/MAST_2025-08-10T09_44_38.398Z/HST/if0g2z010_drc.fits,0.055541,corez_zobs
IC1481-HOST,SN2000ey,IC1481,23:19:25.200,+05:54:21.10,Ia,data/hst_programs/17179/drc/MAST_2025-08-10T09_44_38.398Z/HST,if0g1g010_drc.fits,data/hst_programs/17179/drc/MAST_2025-08-10T09_44_38.398Z/HST/if0g1g010_drc.fits,0.0205,corez_zobs
IC219-HOST,SN2005dm,IC219,02:18:39.250,-06:54:10.80,Ia-91bg,data/hst_programs/17179/drc/MAST_2025-08-10T09_44_38.398Z/HST,if0g1h010_drc.fits,data/hst_programs/17179/drc/MAST_2025-08-10T09_44_38.398Z/HST/if0g1h010_drc.fits,0.016847,corez_zobs
IC2560-HOST,SN2020ejm,IC2560,10:16:18.850,-33:33:49.17,Ia,data/hst_programs/17179/drc/MAST_2025-08-10T09_44_38.398Z/HST,if0g1i010_drc.fits,data/hst_programs/17179/drc/MAST_2025-08-10T09_44_38.398Z/HST/if0g1i010_drc.fits,0.009716,corez_zobs
IC4296-HOST,SN2017dps,IC4296,13:36:40.039,-33:58:01.29,Ia,data/hst_programs/17179/drc/MAST_2025-08-10T09_44_38.398Z/HST,if0g1j010_drc.fits,data/hst_programs/17179/drc/MAST_2025-08-10T09_44_38.398Z/HST/if0g1j010_drc.fits,0.012493,corez_zobs
IC5179-HOST,SN1999ee,IC5179,22:16:10.001,-36:50:39.70,Ia,data/hst_programs/17179/drc/MAST_2025-08-10T09_44_38.398Z/HST,if0g1k010_drc.fits,data/hst_programs/17179/drc/MAST_2025-08-10T09_44_38.398Z/HST/if0g1k010_drc.fits,0.011292,corez_zobs
KISS13J-HOST,KISS13j,KISS13j,12:09:39.70,+16:12:14.30,Ia,data/hst_programs/16741/drc/MAST_2025-09-30T10_42_02.034Z/HST,iepo53010_drc.fits,data/hst_programs/16741/drc/MAST_2025-09-30T10_42_02.034Z/HST/iepo53010_drc.fits,0.076476,corez_zobs
KISS13L-HOST,KISS13l,KISS13l,11:14:54.07,+29:35:06.00,Ia,data/hst_programs/17179/drc/MAST_2025-08-10T09_44_38.398Z/HST,if0g24010_drc.fits,data/hst_programs/17179/drc/MAST_2025-08-10T09_44_38.398Z/HST/if0g24010_drc.fits,0.13081,corez_zobs
KISS15N-HOST,KISS15n,KISS15n,13:00:32.33,+27:58:41.00,Ia-03fg,data/hst_programs/17179/drc/MAST_2025-08-10T09_44_38.398Z/HST,if0g26010_drc.fits,data/hst_programs/17179/drc/MAST_2025-08-10T09_44_38.398Z/HST/if0g26010_drc.fits,0.02346,corez_zobs
LSQ11BK-HOST,LSQ11bk,LSQ11bk,04:20:44.25,-08:35:55.75,Ia,data/hst_programs/17179/drc/MAST_2025-08-10T09_44_38.398Z/HST,if0g1q010_drc.fits,data/hst_programs/17179/drc/MAST_2025-08-10T09_44_38.398Z/HST/if0g1q010_drc.fits,0.040345,corez_zobs
LSQ11OT-HOST,LSQ11ot,LSQ11ot,05:15:48.34,+06:46:39.36,Ia-91T,data/hst_programs/16741/drc/MAST_2025-09-30T10_42_02.034Z/HST,iepo57010_drc.fits,data/hst_programs/16741/drc/MAST_2025-09-30T10_42_02.034Z/HST/iepo57010_drc.fits,0.027385,corez_zobs
LSQ11PN-HOST,SN2011jq,LSQ11pn,05:16:41.549,+06:29:30.19,Ia-91bg,data/hst_programs/16741/drc/MAST_2025-09-30T10_42_02.034Z/HST,iepo58010_drc.fits,data/hst_programs/16741/drc/MAST_2025-09-30T10_42_02.034Z/HST/iepo58010_drc.fits,0.033029,corez_zobs
LSQ12BLD-HOST,LSQ12bld,LSQ12bld,13:42:44.03,+08:05:33.74,Ia,data/hst_programs/16741/drc/MAST_2025-09-30T10_42_02.034Z/HST,iepo61010_drc.fits,data/hst_programs/16741/drc/MAST_2025-09-30T10_42_02.034Z/HST/iepo61010_drc.fits,0.083578,corez_zobs
LSQ12BTN-HOST,LSQ12btn,LSQ12btn,09:21:30.50,-09:41:29.86,Ia,data/hst_programs/17179/drc/MAST_2025-08-10T09_44_38.398Z/HST,if0g13010_drc.fits,data/hst_programs/17179/drc/MAST_2025-08-10T09_44_38.398Z/HST/if0g13010_drc.fits,0.054152,corez_zobs
LSQ12CA-HOST,LSQ12ca,LSQ12ca,05:31:03.62,-19:47:59.28,Ia-91T,data/hst_programs/16741/drc/MAST_2025-09-30T10_42_02.034Z/HST,iepo63010_drc.fits,data/hst_programs/16741/drc/MAST_2025-09-30T10_42_02.034Z/HST/iepo63010_drc.fits,0.098679,corez_zobs
LSQ12CDA-HOST,LSQ12cda,LSQ12cda,13:50:02.32,+09:37:47.10,Ia,data/hst_programs/16741/drc/MAST_2025-09-30T10_42_02.034Z/HST,iepo64010_drc.fits,data/hst_programs/16741/drc/MAST_2025-09-30T10_42_02.034Z/HST/iepo64010_drc.fits,0.137579,corez_zobs
LSQ12CFX-HOST,LSQ12cfx,LSQ12cfx,13:59:40.96,-25:22:50.98,Ia-91T,data/hst_programs/16741/drc/MAST_2025-09-30T10_42_02.034Z/HST,iepo65010_drc.fits,data/hst_programs/16741/drc/MAST_2025-09-30T10_42_02.034Z/HST/iepo65010_drc.fits,0.037941,corez_zobs
LSQ12CID-HOST,LSQ12cid,LSQ12cid,10:03:57.04,-06:14:37.76,Ia,data/hst_programs/16741/drc/MAST_2025-09-30T10_42_02.034Z/HST,iepo66010_drc.fits,data/hst_programs/16741/drc/MAST_2025-09-30T10_42_02.034Z/HST/iepo66010_drc.fits,0.062722,corez_zobs
LSQ12DBR-HOST,LSQ12dbr,LSQ12dbr,20:58:51.89,-02:58:27.10,Ia,data/hst_programs/17179/drc/MAST_2025-08-10T09_44_38.398Z/HST,if0g1r010_drc.fits,data/hst_programs/17179/drc/MAST_2025-08-10T09_44_38.398Z/HST/if0g1r010_drc.fits,0.019654,corez_zobs
LSQ12FHS-HOST,LSQ12fhs,LSQ12fhs,22:52:23.45,-20:36:53.30,Ia-91bg,data/hst_programs/16741/drc/MAST_2025-09-30T10_42_02.034Z/HST,iepo67010_drc.fits,data/hst_programs/16741/drc/MAST_2025-09-30T10_42_02.034Z/HST/iepo67010_drc.fits,0.033021,corez_zobs
LSQ12FMX-HOST,LSQ12fmx,LSQ12fmx,03:12:52.18,-00:12:12.80,Ia,data/hst_programs/17179/drc/MAST_2025-08-10T09_44_38.398Z/HST,if0g1s010_drc.fits,data/hst_programs/17179/drc/MAST_2025-08-10T09_44_38.398Z/HST/if0g1s010_drc.fits,0.067314,corez_zobs
LSQ12FUK-HOST,LSQ12fuk,LSQ12fuk,04:58:15.88,-16:17:58.03,Ia,data/hst_programs/16741/drc/MAST_2025-09-30T10_42_02.034Z/HST,iepo68010_drc.fits,data/hst_programs/16741/drc/MAST_2025-09-30T10_42_02.034Z/HST/iepo68010_drc.fits,0.02042,corez_zobs
LSQ12FVL-HOST,SN2012he,LSQ12fvl,05:00:50.069,-38:39:11.41,Ia,data/hst_programs/16741/drc/MAST_2025-09-30T10_42_02.034Z/HST,iepo69010_drc.fits,data/hst_programs/16741/drc/MAST_2025-09-30T10_42_02.034Z/HST/iepo69010_drc.fits,0.055877,corez_zobs
LSQ12FXD-HOST,LSQ12fxd,LSQ12fxd,05:22:17.02,-25:35:47.01,Ia-91T,data/hst_programs/16741/drc/MAST_2025-09-30T10_42_02.034Z/HST,iepo70010_drc.fits,data/hst_programs/16741/drc/MAST_2025-09-30T10_42_02.034Z/HST/iepo70010_drc.fits,0.031577,corez_zobs
LSQ12GLN-HOST,LSQ12gln,LSQ12gln,05:22:59.41,-33:27:51.32,Ia,data/hst_programs/17179/drc/MAST_2025-08-10T09_44_38.398Z/HST,if0g1t010_drc.fits,data/hst_programs/17179/drc/MAST_2025-08-10T09_44_38.398Z/HST/if0g1t010_drc.fits,0.101994,corez_zobs
LSQ12GPW-HOST,LSQ12gpw,LSQ12gpw,03:12:58.24,-11:42:40.13,Ia-03fg,data/hst_programs/17179/drc/MAST_2025-08-10T09_44_38.398Z/HST,if0g33010_drc.fits,data/hst_programs/17179/drc/MAST_2025-08-10T09_44_38.398Z/HST/if0g33010_drc.fits,0.05075,corez_zobs
LSQ12GXJ-HOST,LSQ12gxj,LSQ12gxj,02:52:57.38,+01:36:24.25,Ia-91T,data/hst_programs/16741/drc/MAST_2025-09-30T10_42_02.034Z/HST,iepo73010_drc.fits,data/hst_programs/16741/drc/MAST_2025-09-30T10_42_02.034Z/HST/iepo73010_drc.fits,0.035366,corez_zobs
LSQ12GYC-HOST,LSQ12gyc,LSQ12gyc,02:45:50.07,-17:55:45.74,Ia-91T,data/hst_programs/16741/drc/MAST_2025-09-30T10_42_02.034Z/HST,iepo74010_drc.fits,data/hst_programs/16741/drc/MAST_2025-09-30T10_42_02.034Z/HST/iepo74010_drc.fits,0.089708,corez_zobs
LSQ12HJM-HOST,LSQ12hjm,LSQ12hjm,03:10:28.72,-16:29:37.08,Ia,data/hst_programs/16741/drc/MAST_2025-09-30T10_42_02.034Z/HST,iepo76010_drc.fits,data/hst_programs/16741/drc/MAST_2025-09-30T10_42_02.034Z/HST/iepo76010_drc.fits,0.071255,corez_zobs
LSQ12HNX-HOST,LSQ12hnx,LSQ12hnx,02:35:17.81,-30:57:49.48,Ia,data/hst_programs/17179/drc/MAST_2025-08-10T09_44_38.398Z/HST,if0g1v010_drc.fits,data/hst_programs/17179/drc/MAST_2025-08-10T09_44_38.398Z/HST/if0g1v010_drc.fits,0.156433,corez_zobs
LSQ12HVJ-HOST,LSQ12hvj,LSQ12hvj,11:07:38.62,-29:42:40.96,Ia-91T,data/hst_programs/17179/drc/MAST_2025-08-10T09_44_38.398Z/HST,if0g38010_drc.fits,data/hst_programs/17179/drc/MAST_2025-08-10T09_44_38.398Z/HST/if0g38010_drc.fits,0.071163,corez_zobs
LSQ12HXX-HOST,LSQ12hxx,LSQ12hxx,03:19:44.23,-27:00:25.68,Ia,data/hst_programs/17179/drc/MAST_2025-08-10T09_44_38.398Z/HST,if0g39010_drc.fits,data/hst_programs/17179/drc/MAST_2025-08-10T09_44_38.398Z/HST/if0g39010_drc.fits,0.06931,corez_zobs
LSQ12HZJ-HOST,LSQ12hzj,LSQ12hzj,09:59:12.43,-09:00:08.25,Ia-91T,data/hst_programs/17179/drc/MAST_2025-08-10T09_44_38.398Z/HST,if0g40010_drc.fits,data/hst_programs/17179/drc/MAST_2025-08-10T09_44_38.398Z/HST/if0g40010_drc.fits,0.033429,corez_zobs
LSQ12HZS-HOST,LSQ12hzs,LSQ12hzs,04:01:53.21,-26:39:50.15,Ia,data/hst_programs/17179/drc/MAST_2025-08-10T09_44_38.398Z/HST,if0g41010_drc.fits,data/hst_programs/17179/drc/MAST_2025-08-10T09_44_38.398Z/HST/if0g41010_drc.fits,0.072065,corez_zobs
LSQ13CMT-HOST,LSQ13cmt,LSQ13cmt,01:02:41.95,-21:52:23.40,Ia,data/hst_programs/17179/drc/MAST_2025-08-10T09_44_38.398Z/HST,if0g1w010_drc.fits,data/hst_programs/17179/drc/MAST_2025-08-10T09_44_38.398Z/HST/if0g1w010_drc.fits,0.056896,corez_zobs
LSQ13CRF-HOST,LSQ13crf,LSQ13crf,03:10:50.23,+01:25:18.90,Ia,data/hst_programs/16741/drc/MAST_2025-09-30T10_42_02.034Z/HST,iepo82010_drc.fits,data/hst_programs/16741/drc/MAST_2025-09-30T10_42_02.034Z/HST/iepo82010_drc.fits,0.048844,corez_zobs
LSQ13CWP-HOST,LSQ13cwp,LSQ13cwp,04:03:50.65,-02:39:17.98,Ia,data/hst_programs/16741/drc/MAST_2025-09-30T10_42_02.034Z/HST,iepo83010_drc.fits,data/hst_programs/16741/drc/MAST_2025-09-30T10_42_02.034Z/HST/iepo83010_drc.fits,0.066253,corez_zobs
LSQ13DBY-HOST,LSQ13dby,LSQ13dby,03:26:42.84,-34:38:05.49,Ia,data/hst_programs/17179/drc/MAST_2025-08-10T09_44_38.398Z/HST,if0g1x010_drc.fits,data/hst_programs/17179/drc/MAST_2025-08-10T09_44_38.398Z/HST/if0g1x010_drc.fits,0.1,corez_zobs
LSQ13DCY-HOST,LSQ13dcy,LSQ13dcy,04:55:16.42,-20:00:05.40,Ia,data/hst_programs/16741/drc/MAST_2025-09-30T10_42_02.034Z/HST,iepo84010_drc.fits,data/hst_programs/16741/drc/MAST_2025-09-30T10_42_02.034Z/HST/iepo84010_drc.fits,0.079911,corez_zobs
LSQ13DHJ-HOST,LSQ13dhj,LSQ13dhj,02:12:34.48,-37:20:22.81,Ia,data/hst_programs/17179/drc/MAST_2025-08-10T09_44_38.398Z/HST,if0g44010_drc.fits,data/hst_programs/17179/drc/MAST_2025-08-10T09_44_38.398Z/HST/if0g44010_drc.fits,0.093442,corez_zobs
LSQ13DKP-HOST,LSQ13dkp,LSQ13dkp,03:10:09.97,-36:37:44.91,Ia,data/hst_programs/17179/drc/MAST_2025-08-10T09_44_38.398Z/HST,if0g45010_drc.fits,data/hst_programs/17179/drc/MAST_2025-08-10T09_44_38.398Z/HST/if0g45010_drc.fits,0.069111,corez_zobs
LSQ13DQH-HOST,LSQ13dqh,LSQ13dqh,04:22:05.90,-02:53:24.24,Ia,data/hst_programs/16741/drc/MAST_2025-09-30T10_42_02.034Z/HST,iepo87010_drc.fits,data/hst_programs/16741/drc/MAST_2025-09-30T10_42_02.034Z/HST/iepo87010_drc.fits,0.103938,corez_zobs
LSQ13DSM-HOST,LSQ13dsm,LSQ13dsm,03:33:12.83,-26:12:24.02,Ia,data/hst_programs/16741/drc/MAST_2025-09-30T10_42_02.034Z/HST,iepo88010_drc.fits,data/hst_programs/16741/drc/MAST_2025-09-30T10_42_02.034Z/HST/iepo88010_drc.fits,0.04258,corez_zobs
LSQ13LQ-HOST,LSQ13lq,LSQ13lq,13:44:10.81,+03:03:43.42,Ia,data/hst_programs/16741/drc/MAST_2025-09-30T10_42_02.034Z/HST,iepo89010_drc.fits,data/hst_programs/16741/drc/MAST_2025-09-30T10_42_02.034Z/HST/iepo89010_drc.fits,0.075574,corez_zobs
LSQ13PF-HOST,LSQ13pf,LSQ13pf,13:48:14.35,-11:38:38.58,Ia,data/hst_programs/16741/drc/MAST_2025-09-30T10_42_02.034Z/HST,iepo90010_drc.fits,data/hst_programs/16741/drc/MAST_2025-09-30T10_42_02.034Z/HST/iepo90010_drc.fits,0.086209,corez_zobs
LSQ13RY-HOST,LSQ13ry,LSQ13ry,10:32:48.00,+04:11:51.75,Ia,data/hst_programs/16741/drc/MAST_2025-09-30T10_42_02.034Z/HST,iepo91010_drc.fits,data/hst_programs/16741/drc/MAST_2025-09-30T10_42_02.034Z/HST/iepo91010_drc.fits,0.029911,corez_zobs
LSQ14ACT-HOST,LSQ14act,LSQ14act,15:59:44.65,-10:26:40.80,Ia,data/hst_programs/16741/drc/MAST_2025-09-30T10_42_02.034Z/HST,iepo92010_drc.fits,data/hst_programs/16741/drc/MAST_2025-09-30T10_42_02.034Z/HST/iepo92010_drc.fits,0.058822,corez_zobs
LSQ14AEG-HOST,LSQ14aeg,LSQ14aeg,10:19:36.79,+19:33:20.30,Ia,data/hst_programs/17179/drc/MAST_2025-08-10T09_44_38.398Z/HST,if0g1y010_drc.fits,data/hst_programs/17179/drc/MAST_2025-08-10T09_44_38.398Z/HST/if0g1y010_drc.fits,0.064615,corez_zobs
LSQ14AGE-HOST,LSQ14age,LSQ14age,13:24:08.62,-13:26:26.00,Ia,data/hst_programs/17179/drc/MAST_2025-08-10T09_44_38.398Z/HST,if0g50010_drc.fits,data/hst_programs/17179/drc/MAST_2025-08-10T09_44_38.398Z/HST/if0g50010_drc.fits,0.080404,corez_zobs
LSQ14AHC-HOST,LSQ14ahc,LSQ14ahc,13:43:48.25,-32:54:35.12,Ia,data/hst_programs/16741/drc/MAST_2025-09-30T10_42_02.034Z/HST,iepo94010_drc.fits,data/hst_programs/16741/drc/MAST_2025-09-30T10_42_02.034Z/HST/iepo94010_drc.fits,0.050859,corez_zobs
LSQ14BJJ-HOST,LSQ14bjj,LSQ14bjj,14:20:49.08,-05:15:02.25,Ia,data/hst_programs/16741/drc/MAST_2025-09-30T10_42_02.034Z/HST,iepo99010_drc.fits,data/hst_programs/16741/drc/MAST_2025-09-30T10_42_02.034Z/HST/iepo99010_drc.fits,0.080975,corez_zobs
LSQ14FMG-HOST,LSQ14fmg,LSQ14fmg,22:16:46.10,+15:21:14.10,Ia-03fg,data/hst_programs/17179/drc/MAST_2025-08-10T09_44_38.398Z/HST,if0g1z010_drc.fits,data/hst_programs/17179/drc/MAST_2025-08-10T09_44_38.398Z/HST/if0g1z010_drc.fits,0.065923,corez_zobs
LSQ14FMS-HOST,LSQ14fms,LSQ14fms,00:14:59.82,-51:12:39.54,Ia,data/hst_programs/17179/drc/MAST_2025-08-10T09_44_38.398Z/HST,if0g54010_drc.fits,data/hst_programs/17179/drc/MAST_2025-08-10T09_44_38.398Z/HST/if0g54010_drc.fits,0.076367,corez_zobs
LSQ14FOJ-HOST,LSQ14foj,LSQ14foj,00:26:34.67,-32:48:33.09,Ia,data/hst_programs/16741/drc/MAST_2025-09-30T10_42_02.034Z/HST,iepo0b010_drc.fits,data/hst_programs/16741/drc/MAST_2025-09-30T10_42_02.034Z/HST/iepo0b010_drc.fits,0.046111,corez_zobs
LSQ14GDE-HOST,LSQ14gde,LSQ14gde,01:00:42.49,-14:59:33.30,Ia,data/hst_programs/17179/drc/MAST_2025-08-10T09_44_38.398Z/HST,if0g2a010_drc.fits,data/hst_programs/17179/drc/MAST_2025-08-10T09_44_38.398Z/HST/if0g2a010_drc.fits,0.055595,corez_zobs
LSQ14GFB-HOST,LSQ14gfb,LSQ14gfb,05:10:05.76,-36:18:43.57,Ia-91bg,data/hst_programs/16741/drc/MAST_2025-09-30T10_42_02.034Z/HST,iepo0c010_drc.fits,data/hst_programs/16741/drc/MAST_2025-09-30T10_42_02.034Z/HST/iepo0c010_drc.fits,0.053295,corez_zobs
LSQ14GFN-HOST,LSQ14gfn,LSQ14gfn,03:28:32.16,-04:12:14.22,Ia,data/hst_programs/16741/drc/MAST_2025-09-30T10_42_02.034Z/HST,iepo0d010_drc.fits,data/hst_programs/16741/drc/MAST_2025-09-30T10_42_02.034Z/HST/iepo0d010_drc.fits,0.121436,corez_zobs
LSQ14GHV-HOST,LSQ14ghv,LSQ14ghv,03:23:44.15,-31:35:03.17,Ia,data/hst_programs/17179/drc/MAST_2025-08-10T09_44_38.398Z/HST,if0g58010_drc.fits,data/hst_programs/17179/drc/MAST_2025-08-10T09_44_38.398Z/HST/if0g58010_drc.fits,0.067037,corez_zobs
LSQ14GOV-HOST,LSQ14gov,LSQ14gov,04:06:01.33,-16:01:41.49,Ia-91T,data/hst_programs/16741/drc/MAST_2025-09-30T10_42_02.034Z/HST,iepo0f010_drc.fits,data/hst_programs/16741/drc/MAST_2025-09-30T10_42_02.034Z/HST/iepo0f010_drc.fits,0.089588,corez_zobs
LSQ14IE-HOST,LSQ14ie,LSQ14ie,12:55:33.46,-32:56:40.37,Ia,data/hst_programs/16741/drc/MAST_2025-09-30T10_42_02.034Z/HST,iepo0g010_drc.fits,data/hst_programs/16741/drc/MAST_2025-09-30T10_42_02.034Z/HST/iepo0g010_drc.fits,0.089497,corez_zobs
LSQ14IP-HOST,LSQ14ip,LSQ14ip,09:44:20.22,+04:35:52.56,Ia-91bg,data/hst_programs/16741/drc/MAST_2025-09-30T10_42_02.034Z/HST,iepo0h010_drc.fits,data/hst_programs/16741/drc/MAST_2025-09-30T10_42_02.034Z/HST/iepo0h010_drc.fits,0.061451,corez_zobs
LSQ14MC-HOST,LSQ14mc,LSQ14mc,09:02:13.45,+17:03:37.01,Ia,data/hst_programs/16741/drc/MAST_2025-09-30T10_42_02.034Z/HST,iepo0i010_drc.fits,data/hst_programs/16741/drc/MAST_2025-09-30T10_42_02.034Z/HST/iepo0i010_drc.fits,0.056668,corez_zobs
LSQ14WP-HOST,LSQ14wp,LSQ14wp,10:14:05.72,+06:40:30.54,Ia,data/hst_programs/17179/drc/MAST_2025-08-10T09_44_38.398Z/HST,if0g61010_drc.fits,data/hst_programs/17179/drc/MAST_2025-08-10T09_44_38.398Z/HST/if0g61010_drc.fits,0.06962,corez_zobs
LSQ14XI-HOST,LSQ14xi,LSQ14xi,12:30:41.17,-13:46:21.91,Ia-91T,data/hst_programs/16741/drc/MAST_2025-09-30T10_42_02.034Z/HST,iepo0k010_drc.fits,data/hst_programs/16741/drc/MAST_2025-09-30T10_42_02.034Z/HST/iepo0k010_drc.fits,0.05036,corez_zobs
LSQ15AJA-HOST,LSQ15aja,LSQ15aja,17:03:08.91,+12:27:41.60,Ia-91T,data/hst_programs/17179/drc/MAST_2025-08-10T09_44_38.398Z/HST,if0g2b010_drc.fits,data/hst_programs/17179/drc/MAST_2025-08-10T09_44_38.398Z/HST/if0g2b010_drc.fits,0.070007,corez_zobs
LSQ15ALQ-HOST,LSQ15alq,LSQ15alq,13:09:18.56,-25:52:20.24,Ia,data/hst_programs/16741/drc/MAST_2025-09-30T10_42_02.034Z/HST,iepo0l010_drc.fits,data/hst_programs/16741/drc/MAST_2025-09-30T10_42_02.034Z/HST/iepo0l010_drc.fits,0.046968,corez_zobs
NGC0307-HOST,SN2008ee,NGC0307,00:56:32.959,-01:46:16.00,Ia,data/hst_programs/17179/drc/MAST_2025-08-10T09_44_38.398Z/HST,if0g2c010_drc.fits,data/hst_programs/17179/drc/MAST_2025-08-10T09_44_38.398Z/HST/if0g2c010_drc.fits,0.013253,corez_zobs
NGC0410-HOST,SN1995Y,NGC0410,01:10:59.599,+33:08:40.70,Ia,data/hst_programs/17179/drc/MAST_2025-08-10T09_44_38.398Z/HST,if0g2d010_drc.fits,data/hst_programs/17179/drc/MAST_2025-08-10T09_44_38.398Z/HST/if0g2d010_drc.fits,0.017501,corez_zobs
NGC0863-HOST,SN2018djd,NGC0863,02:14:33.830,-00:45:56.77,Ia,data/hst_programs/17179/drc/MAST_2025-08-10T09_44_38.398Z/HST,if0g2e010_drc.fits,data/hst_programs/17179/drc/MAST_2025-08-10T09_44_38.398Z/HST/if0g2e010_drc.fits,0.026401,corez_zobs
NGC1060-HOST,SN2004fd,NGC1060,02:43:15.250,+32:25:25.61,Ia,data/hst_programs/17179/drc/MAST_2025-08-10T09_44_38.398Z/HST,if0g2f010_drc.fits,data/hst_programs/17179/drc/MAST_2025-08-10T09_44_38.398Z/HST/if0g2f010_drc.fits,0.017265,corez_zobs
SN2012EC-HOST,SN2012ec,NGC1084,02:45:59.880,-07:34:27.01,II,data/hst_programs/17179/drc/MAST_2025-08-10T09_44_38.398Z/HST,if0g4x010_drc.fits,data/hst_programs/17179/drc/MAST_2025-08-10T09_44_38.398Z/HST/if0g4x010_drc.fits,0.00465,corez_zobs
NGC2369-HOST,SN2008cm,NGC2369,07:16:38.750,-62:18:52.88,Ia,data/hst_programs/17179/drc/MAST_2025-08-10T09_44_38.398Z/HST,if0g2i010_drc.fits,data/hst_programs/17179/drc/MAST_2025-08-10T09_44_38.398Z/HST/if0g2i010_drc.fits,0.010608,corez_zobs
SN2016GWL-HOST,SN2016gwl,NGC2865,09:23:28.020,-23:10:10.74,Ia,data/hst_programs/17179/drc/MAST_2025-08-10T09_44_38.398Z/HST,if0g74010_drc.fits,data/hst_programs/17179/drc/MAST_2025-08-10T09_44_38.398Z/HST/if0g74010_drc.fits,0.008985,corez_zobs
NGC4277-HOST,SN2020ftl,NGC4277,12:20:03.754,+05:20:33.67,Ia,data/hst_programs/17179/drc/MAST_2025-08-10T09_44_38.398Z/HST,if0g2l010_drc.fits,data/hst_programs/17179/drc/MAST_2025-08-10T09_44_38.398Z/HST/if0g2l010_drc.fits,0.007349,corez_zobs
NGC4981-HOST,SN1968I,NGC4981,13:08:48.87,-06:46:40.80,Ia,data/hst_programs/17179/drc/MAST_2025-08-10T09_44_38.398Z/HST,if0g29010_drc.fits,data/hst_programs/17179/drc/MAST_2025-08-10T09_44_38.398Z/HST/if0g29010_drc.fits,0.005536,corez_zobs
NGC5419-HOST,SN2018zz,NGC5419,14:03:39.060,-33:58:42.60,Ia,data/hst_programs/17179/drc/MAST_2025-08-10T09_44_38.398Z/HST,if0g2m010_drc.fits,data/hst_programs/17179/drc/MAST_2025-08-10T09_44_38.398Z/HST/if0g2m010_drc.fits,0.013935,corez_zobs
SN2017CBV-HOST,SN2017cbv,NGC5643,14:32:34.420,-44:08:02.74,-,data/hst_programs/17179/drc/MAST_2025-08-10T09_44_38.398Z/HST,if0g97010_drc.fits,data/hst_programs/17179/drc/MAST_2025-08-10T09_44_38.398Z/HST/if0g97010_drc.fits,0.003939,corez_zobs
NGC5728-HOST,SN2009Y,NGC5728,14:42:23.849,-17:14:48.41,Ia,data/hst_programs/17179/drc/MAST_2025-08-10T09_44_38.398Z/HST,if0g30010_drc.fits,data/hst_programs/17179/drc/MAST_2025-08-10T09_44_38.398Z/HST/if0g30010_drc.fits,0.0102,corez_zobs
NGC6240-HOST,PS1-14xw,NGC6240,16:52:57.63,+02:23:36.50,Ia-91T,data/hst_programs/16741/drc/MAST_2025-09-30T10_42_02.034Z/HST,iepo0n010_drc.fits,data/hst_programs/16741/drc/MAST_2025-09-30T10_42_02.034Z/HST/iepo0n010_drc.fits,0.023947,corez_zobs
NGC6754-HOST,SN2000do,NGC6754,19:11:26.191,-50:38:24.50,Ia,data/hst_programs/17179/drc/MAST_2025-08-10T09_44_38.398Z/HST,if0g2n010_drc.fits,data/hst_programs/17179/drc/MAST_2025-08-10T09_44_38.398Z/HST/if0g2n010_drc.fits,0.010758,corez_zobs
NGC6769-HOST,SN1997de,NGC6769,19:18:20.820,-60:29:42.00,Ia,data/hst_programs/17179/drc/MAST_2025-08-10T09_44_38.398Z/HST,if0g2o010_drc.fits,data/hst_programs/17179/drc/MAST_2025-08-10T09_44_38.398Z/HST/if0g2o010_drc.fits,0.012668,corez_zobs
NGC7130-HOST,SN2017hgz,NGC7130,21:48:20.120,-34:57:10.40,Ia,data/hst_programs/17179/drc/MAST_2025-08-10T09_44_38.398Z/HST,if0g2p010_drc.fits,data/hst_programs/17179/drc/MAST_2025-08-10T09_44_38.398Z/HST/if0g2p010_drc.fits,0.016161,corez_zobs
NGC7448-HOST,SN2022wsp,NGC7448,23:00:03.526,+15:58:42.60,II,data/hst_programs/17179/drc/MAST_2025-08-10T09_44_38.398Z/HST,if0g2q010_drc.fits,data/hst_programs/17179/drc/MAST_2025-08-10T09_44_38.398Z/HST/if0g2q010_drc.fits,0.007291,corez_zobs
NGC7541-HOST,SN1998dh,NGC7541,23:14:40.310,+04:32:14.10,Ia,data/hst_programs/17179/drc/MAST_2025-08-10T09_44_38.398Z/HST,if0g2r010_drc.fits,data/hst_programs/17179/drc/MAST_2025-08-10T09_44_38.398Z/HST/if0g2r010_drc.fits,0.008884,corez_zobs
SN2011HB-HOST,SN2011hb,NGC7674,23:27:55.510,+08:46:45.70,Ia,data/hst_programs/16741/drc/MAST_2025-09-30T10_42_02.034Z/HST,iepo3d010_drc.fits,data/hst_programs/16741/drc/MAST_2025-09-30T10_42_02.034Z/HST/iepo3d010_drc.fits,0.029135,corez_zobs
OGLE16EUO-HOST,OGLE16euo,OGLE16euo,02:50:19.15,-75:23:29.40,Ia,data/hst_programs/17179/drc/MAST_2025-08-10T09_44_38.398Z/HST,if0g2s010_drc.fits,data/hst_programs/17179/drc/MAST_2025-08-10T09_44_38.398Z/HST/if0g2s010_drc.fits,0.058602,corez_zobs
PGC019085-HOST,SN2018hnq,PGC019085,06:27:38.610,-54:27:24.08,Ia,data/hst_programs/17179/drc/MAST_2025-08-10T09_44_38.398Z/HST,if0g2t010_drc.fits,data/hst_programs/17179/drc/MAST_2025-08-10T09_44_38.398Z/HST/if0g2t010_drc.fits,0.048834,corez_zobs
PS1-13EAO-HOST,PS1-13eao,PS1-13eao,03:29:56.35,-28:46:17.70,Ia,data/hst_programs/16741/drc/MAST_2025-09-30T10_42_02.034Z/HST,iepo0o010_drc.fits,data/hst_programs/16741/drc/MAST_2025-09-30T10_42_02.034Z/HST/iepo0o010_drc.fits,0.037067,corez_zobs
PS15MB-HOST,PS15mb,PS15mb,08:59:40.13,+15:11:12.40,Ia,data/hst_programs/16741/drc/MAST_2025-09-30T10_42_02.034Z/HST,iepo3k010_drc.fits,data/hst_programs/16741/drc/MAST_2025-09-30T10_42_02.034Z/HST/iepo3k010_drc.fits,0.028765,corez_zobs
PS15MT-HOST,PS15mt,PS15mt,09:54:44.17,+23:11:53.10,Ia,data/hst_programs/17179/drc/MAST_2025-08-10T09_44_38.398Z/HST,if0g2u010_drc.fits,data/hst_programs/17179/drc/MAST_2025-08-10T09_44_38.398Z/HST/if0g2u010_drc.fits,0.071122,corez_zobs
PSNJ072500422347030-HOST,PSNJ07250042+2347030,PSNJ07250042+2347030,07:25:00.42,+23:47:03.00,Ia,data/hst_programs/16741/drc/MAST_2025-09-30T10_42_02.034Z/HST,iepo0s010_drc.fits,data/hst_programs/16741/drc/MAST_2025-09-30T10_42_02.034Z/HST/iepo0s010_drc.fits,0.018463,corez_zobs
PSNJ102927992200468-HOST,iPTF14hvh,PSNJ10292799+2200468,10:29:27.99,+22:00:46.80,Ia,data/hst_programs/16741/drc/MAST_2025-09-30T10_42_02.034Z/HST,iepo0t010_drc.fits,data/hst_programs/16741/drc/MAST_2025-09-30T10_42_02.034Z/HST/iepo0t010_drc.fits,0.054421,corez_zobs
PTF11PRA-HOST,SN2011hk,PTF11pra,02:18:45.790,-06:38:30.08,Ia,data/hst_programs/16741/drc/MAST_2025-09-30T10_42_02.034Z/HST,iepo0u010_drc.fits,data/hst_programs/16741/drc/MAST_2025-09-30T10_42_02.034Z/HST/iepo0u010_drc.fits,0.017326,corez_zobs
PTF11QMO-HOST,PTF11qmo,PTF11qmo,10:06:49.76,-07:41:12.30,Ia,data/hst_programs/17179/drc/MAST_2025-08-10T09_44_38.398Z/HST,if0g31010_drc.fits,data/hst_programs/17179/drc/MAST_2025-08-10T09_44_38.398Z/HST/if0g31010_drc.fits,0.055339,corez_zobs
PTF12IIQ-HOST,PTF12iiq,PTF12iiq,02:50:07.76,-00:15:54.40,Ia,data/hst_programs/16741/drc/MAST_2025-09-30T10_42_02.034Z/HST,iepo0w010_drc.fits,data/hst_programs/16741/drc/MAST_2025-09-30T10_42_02.034Z/HST/iepo0w010_drc.fits,0.029754,corez_zobs
PTF12JGB-HOST,PTF12jgb,PTF12jgb,04:15:01.44,-15:20:53.70,Ia,data/hst_programs/17179/drc/MAST_2025-08-10T09_44_38.398Z/HST,if0g2x010_drc.fits,data/hst_programs/17179/drc/MAST_2025-08-10T09_44_38.398Z/HST/if0g2x010_drc.fits,0.028229,corez_zobs
SN1986G-HOST,SN1986G,SN1986G,13:25:36.509,-43:01:54.19,Ia-86G,data/hst_programs/16741/drc/MAST_2025-09-30T10_42_02.034Z/HST,iepo0x010_drc.fits,data/hst_programs/16741/drc/MAST_2025-09-30T10_42_02.034Z/HST/iepo0x010_drc.fits,0.00183,corez_zobs
SN1991BJ-HOST,SN1991bj,SN1991bj,03:41:30.480,-04:39:49.61,Ia-02cx,data/hst_programs/17179/drc/MAST_2025-08-10T09_44_38.398Z/HST,if0g32010_drc.fits,data/hst_programs/17179/drc/MAST_2025-08-10T09_44_38.398Z/HST/if0g32010_drc.fits,0.01814,corez_zobs
SN2001DA-HOST,SN2001da,SN2001da,23:53:32.779,+08:07:02.60,Ia,data/hst_programs/16741/drc/MAST_2025-09-30T10_42_02.034Z/HST,iepo0z010_drc.fits,data/hst_programs/16741/drc/MAST_2025-09-30T10_42_02.034Z/HST/iepo0z010_drc.fits,0.017234,corez_zobs
SN2001EL-HOST,SN2001el,SN2001el,03:44:30.571,-44:38:23.71,Ia,data/hst_programs/16741/drc/MAST_2025-09-30T10_42_02.034Z/HST,iepo1a010_drc.fits,data/hst_programs/16741/drc/MAST_2025-09-30T10_42_02.034Z/HST/iepo1a010_drc.fits,0.003669,corez_zobs
SN2002HA-HOST,SN2002ha,SN2002ha,20:47:18.581,+00:18:45.61,Ia,data/hst_programs/16741/drc/MAST_2025-09-30T10_42_02.034Z/HST,iepo2g010_drc.fits,data/hst_programs/16741/drc/MAST_2025-09-30T10_42_02.034Z/HST/iepo2g010_drc.fits,0.013774,corez_zobs
SN2002JG-HOST,SN2002jg,SN2002jg,22:19:28.800,+29:23:04.49,Ia,data/hst_programs/16741/drc/MAST_2025-09-30T10_42_02.034Z/HST,iepo1c010_drc.fits,data/hst_programs/16741/drc/MAST_2025-09-30T10_42_02.034Z/HST/iepo1c010_drc.fits,0.015207,corez_zobs
SN2004CS-HOST,SN2004cs,SN2004cs,17:50:14.381,+14:16:59.48,Ia-02cx,data/hst_programs/17179/drc/MAST_2025-08-10T09_44_38.398Z/HST,if0g37010_drc.fits,data/hst_programs/17179/drc/MAST_2025-08-10T09_44_38.398Z/HST/if0g37010_drc.fits,0.01403,corez_zobs
SN2004EY-HOST,SN2004ey,SN2004ey,21:49:07.810,+00:26:39.19,Ia,data/hst_programs/16741/drc/MAST_2025-09-30T10_42_02.034Z/HST,iepo1e010_drc.fits,data/hst_programs/16741/drc/MAST_2025-09-30T10_42_02.034Z/HST/iepo1e010_drc.fits,0.015855,corez_zobs
SN2004GC-HOST,SN2004gc,SN2004gc,05:21:49.949,+06:40:33.71,Ia,data/hst_programs/16741/drc/MAST_2025-09-30T10_42_02.034Z/HST,iepo1f010_drc.fits,data/hst_programs/16741/drc/MAST_2025-09-30T10_42_02.034Z/HST/iepo1f010_drc.fits,0.031487,corez_zobs
SN2004GS-HOST,SN2004gs,SN2004gs,08:38:23.179,+17:37:39.79,Ia,data/hst_programs/17179/drc/MAST_2025-08-10T09_44_38.398Z/HST,if0g67010_drc.fits,data/hst_programs/17179/drc/MAST_2025-08-10T09_44_38.398Z/HST/if0g67010_drc.fits,0.027573,corez_zobs
SN2005M-HOST,SN2005M,SN2005M,09:37:32.359,+23:12:02.70,Ia-91T,data/hst_programs/16741/drc/MAST_2025-09-30T10_42_02.034Z/HST,iepo1p010_drc.fits,data/hst_programs/16741/drc/MAST_2025-09-30T10_42_02.034Z/HST/iepo1p010_drc.fits,0.024425,corez_zobs
SN2005AG-HOST,SN2005ag,SN2005ag,14:56:43.649,+09:19:42.49,Ia,data/hst_programs/16741/drc/MAST_2025-09-30T10_42_02.034Z/HST,iepo1h010_drc.fits,data/hst_programs/16741/drc/MAST_2025-09-30T10_42_02.034Z/HST/iepo1h010_drc.fits,0.079358,corez_zobs
SN2005AL-HOST,SN2005al,SN2005al,13:50:00.329,-30:34:34.21,Ia,data/hst_programs/16741/drc/MAST_2025-09-30T10_42_02.034Z/HST,iepo3j010_drc.fits,data/hst_programs/16741/drc/MAST_2025-09-30T10_42_02.034Z/HST/iepo3j010_drc.fits,0.012373,corez_zobs
SN2005BE-HOST,SN2005be,SN2005be,14:59:32.719,+16:40:11.60,Ia,data/hst_programs/17179/drc/MAST_2025-08-10T09_44_38.398Z/HST,if0g3a010_drc.fits,data/hst_programs/17179/drc/MAST_2025-08-10T09_44_38.398Z/HST/if0g3a010_drc.fits,0.033838,corez_zobs
SN2005BS-HOST,SN2005bs,SN2005bs,20:10:14.110,-56:38:43.58,Ia,data/hst_programs/17179/drc/MAST_2025-08-10T09_44_38.398Z/HST,if0g3b010_drc.fits,data/hst_programs/17179/drc/MAST_2025-08-10T09_44_38.398Z/HST/if0g3b010_drc.fits,0.052189,corez_zobs
SN2005CF-HOST,SN2005cf,SN2005cf,15:21:32.210,-07:24:47.48,-,data/hst_programs/16741/drc/MAST_2025-09-30T10_42_02.034Z/HST,iepo1j010_drc.fits,data/hst_programs/16741/drc/MAST_2025-09-30T10_42_02.034Z/HST/iepo1j010_drc.fits,0.006687,corez_zobs
SN2005CF-B-HOST,SN2005cf_B,SN2005cf_B,15:21:32.210,-07:24:47.48,Ia,data/hst_programs/17179/drc/MAST_2025-08-10T09_44_38.398Z/HST,if0g43010_drc.fits,data/hst_programs/17179/drc/MAST_2025-08-10T09_44_38.398Z/HST/if0g43010_drc.fits,0.006685,corez_zobs
SN2005EL-HOST,SN2005el,SN2005el,05:11:48.72,+05:11:39.40,Ia,data/hst_programs/16741/drc/MAST_2025-09-30T10_42_02.034Z/HST,iepo1k010_drc.fits,data/hst_programs/16741/drc/MAST_2025-09-30T10_42_02.034Z/HST/iepo1k010_drc.fits,0.014818,corez_zobs
SN2005GJ-HOST,SN2005gj,SN2005gj,03:01:11.950,-00:33:13.90,Ia-CSM,data/hst_programs/17179/drc/MAST_2025-08-10T09_44_38.398Z/HST,if0g3c010_drc.fits,data/hst_programs/17179/drc/MAST_2025-08-10T09_44_38.398Z/HST/if0g3c010_drc.fits,0.061661,corez_zobs
SN2005HJ-HOST,SN2005hj,SN2005hj,01:26:48.269,-01:14:16.80,Ia,data/hst_programs/17179/drc/MAST_2025-08-10T09_44_38.398Z/HST,if0g3e010_drc.fits,data/hst_programs/17179/drc/MAST_2025-08-10T09_44_38.398Z/HST/if0g3e010_drc.fits,0.05739,corez_zobs
SN2005HK-HOST,SN2005hk,SN2005hk,00:27:50.870,-01:11:52.51,Ia-02cx,data/hst_programs/17179/drc/MAST_2025-08-10T09_44_38.398Z/HST,if0g46010_drc.fits,data/hst_programs/17179/drc/MAST_2025-08-10T09_44_38.398Z/HST/if0g46010_drc.fits,0.013015,corez_zobs
SN2005IR-HOST,SN2005ir,SN2005ir,01:16:43.759,+00:47:40.42,Ia,data/hst_programs/17179/drc/MAST_2025-08-10T09_44_38.398Z/HST,if0g3f010_drc.fits,data/hst_programs/17179/drc/MAST_2025-08-10T09_44_38.398Z/HST/if0g3f010_drc.fits,0.076199,corez_zobs
SN2005KE-HOST,SN2005ke,SN2005ke,03:35:04.351,-24:56:38.80,Ia-91bg,data/hst_programs/16741/drc/MAST_2025-09-30T10_42_02.034Z/HST,iepo1n010_drc.fits,data/hst_programs/16741/drc/MAST_2025-09-30T10_42_02.034Z/HST/iepo1n010_drc.fits,0.004947,corez_zobs
SN2005KI-HOST,SN2005ki,SN2005ki,10:40:28.219,+09:12:08.39,Ia,data/hst_programs/17179/drc/MAST_2025-08-10T09_44_38.398Z/HST,if0g3g010_drc.fits,data/hst_programs/17179/drc/MAST_2025-08-10T09_44_38.398Z/HST/if0g3g010_drc.fits,0.019606,corez_zobs
SN2005KU-HOST,SN2005ku,SN2005ku,22:59:42.610,-00:00:49.28,Ia,data/hst_programs/17179/drc/MAST_2025-08-10T09_44_38.398Z/HST,if0g3h010_drc.fits,data/hst_programs/17179/drc/MAST_2025-08-10T09_44_38.398Z/HST/if0g3h010_drc.fits,0.04534,corez_zobs
SN2005LU-HOST,SN2005lu,SN2005lu,02:36:03.710,-17:15:50.00,Ia,data/hst_programs/16741/drc/MAST_2025-09-30T10_42_02.034Z/HST,iepo1o010_drc.fits,data/hst_programs/16741/drc/MAST_2025-09-30T10_42_02.034Z/HST/iepo1o010_drc.fits,0.031989,corez_zobs
SN2005NA-HOST,SN2005na,SN2005na,07:01:36.619,+14:07:59.70,Ia,data/hst_programs/16741/drc/MAST_2025-09-30T10_42_02.034Z/HST,iepo1q010_drc.fits,data/hst_programs/16741/drc/MAST_2025-09-30T10_42_02.034Z/HST/iepo1q010_drc.fits,0.026356,corez_zobs
SN2006E-HOST,SN2006E,SN2006E,13:53:28.649,+05:12:22.79,Ia,data/hst_programs/16741/drc/MAST_2025-09-30T10_42_02.034Z/HST,iepo1y010_drc.fits,data/hst_programs/16741/drc/MAST_2025-09-30T10_42_02.034Z/HST/iepo1y010_drc.fits,0.002643,corez_zobs
SN2006BH-HOST,SN2006bh,SN2006bh,22:40:16.099,-66:29:06.29,Ia,data/hst_programs/16741/drc/MAST_2025-09-30T10_42_02.034Z/HST,iepo1r010_drc.fits,data/hst_programs/16741/drc/MAST_2025-09-30T10_42_02.034Z/HST/iepo1r010_drc.fits,0.010847,corez_zobs
SN2006BR-HOST,SN2006br,SN2006br,13:30:01.800,+13:24:56.81,Ia,data/hst_programs/17179/drc/MAST_2025-08-10T09_44_38.398Z/HST,if0g72010_drc.fits,data/hst_programs/17179/drc/MAST_2025-08-10T09_44_38.398Z/HST/if0g72010_drc.fits,0.024773,corez_zobs
SN2006BT-HOST,SN2006bt,SN2006bt,15:56:30.530,+20:02:45.60,Ia-06bt,data/hst_programs/16741/drc/MAST_2025-09-30T10_42_02.034Z/HST,iepo77010_drc.fits,data/hst_programs/16741/drc/MAST_2025-09-30T10_42_02.034Z/HST/iepo77010_drc.fits,0.032229,corez_zobs
SN2006CM-HOST,SN2006cm,SN2006cm,21:20:17.460,-01:41:02.69,Ia,data/hst_programs/17179/drc/MAST_2025-08-10T09_44_38.398Z/HST,if0g3i010_drc.fits,data/hst_programs/17179/drc/MAST_2025-08-10T09_44_38.398Z/HST/if0g3i010_drc.fits,0.01637,corez_zobs
SN2006DD-HOST,SN2006dd,SN2006dd,03:22:41.621,-37:12:13.00,Ia,data/hst_programs/16741/drc/MAST_2025-09-30T10_42_02.034Z/HST,iepo4i010_drc.fits,data/hst_programs/16741/drc/MAST_2025-09-30T10_42_02.034Z/HST/iepo4i010_drc.fits,0.005879,corez_zobs
SN2006MR-HOST,SN2006mr,SN2006mr,50.679333,-37.208139,,data/hst_programs/16741/drc/MAST_2025-09-30T10_42_02.034Z/HST,iepo4i010_drc.fits,data/hst_programs/16741/drc/MAST_2025-09-30T10_42_02.034Z/HST/iepo4i010_drc.fits,0.005867,CSPII_SNooPy_raw
SN2006EF-HOST,SN2006ef,SN2006ef,02:04:19.510,-08:43:42.20,Ia,data/hst_programs/16741/drc/MAST_2025-09-30T10_42_02.034Z/HST,iepo1u010_drc.fits,data/hst_programs/16741/drc/MAST_2025-09-30T10_42_02.034Z/HST/iepo1u010_drc.fits,0.017823,corez_zobs
SN2006EJ-HOST,SN2006ej,SN2006ej,00:38:59.770,-09:00:56.59,Ia,data/hst_programs/16741/drc/MAST_2025-09-30T10_42_02.034Z/HST,iepo0v010_drc.fits,data/hst_programs/16741/drc/MAST_2025-09-30T10_42_02.034Z/HST/iepo0v010_drc.fits,0.020501,corez_zobs
SN2006EQ-HOST,SN2006eq,SN2006eq,21:28:37.130,+01:13:41.20,Ia,data/hst_programs/17179/drc/MAST_2025-08-10T09_44_38.398Z/HST,if0g3j010_drc.fits,data/hst_programs/17179/drc/MAST_2025-08-10T09_44_38.398Z/HST/if0g3j010_drc.fits,0.049537,corez_zobs
SN2006FW-HOST,SN2006fw,SN2006fw,01:47:10.339,-00:08:49.20,Ia,data/hst_programs/17179/drc/MAST_2025-08-10T09_44_38.398Z/HST,if0g3k010_drc.fits,data/hst_programs/17179/drc/MAST_2025-08-10T09_44_38.398Z/HST/if0g3k010_drc.fits,0.083507,corez_zobs
SN2006GT-HOST,SN2006gt,SN2006gt,00:56:17.299,-01:37:45.98,Ia-91bg,data/hst_programs/17179/drc/MAST_2025-08-10T09_44_38.398Z/HST,if0g3l010_drc.fits,data/hst_programs/17179/drc/MAST_2025-08-10T09_44_38.398Z/HST/if0g3l010_drc.fits,0.044791,corez_zobs
SN2006HB-HOST,SN2006hb,SN2006hb,05:02:01.279,-21:07:55.09,Ia-86G,data/hst_programs/17179/drc/MAST_2025-08-10T09_44_38.398Z/HST,if0g3m010_drc.fits,data/hst_programs/17179/drc/MAST_2025-08-10T09_44_38.398Z/HST/if0g3m010_drc.fits,0.015093,corez_zobs
SN2006HX-HOST,SN2006hx,SN2006hx,01:13:57.310,+00:22:18.01,Ia,data/hst_programs/17179/drc/MAST_2025-08-10T09_44_38.398Z/HST,if0g3n010_drc.fits,data/hst_programs/17179/drc/MAST_2025-08-10T09_44_38.398Z/HST/if0g3n010_drc.fits,0.045447,corez_zobs
SN2006IS-HOST,SN2006is,SN2006is,05:17:34.370,-23:46:54.19,Ia,data/hst_programs/17179/drc/MAST_2025-08-10T09_44_38.398Z/HST,if0g3o010_drc.fits,data/hst_programs/17179/drc/MAST_2025-08-10T09_44_38.398Z/HST/if0g3o010_drc.fits,0.031281,corez_zobs
SN2006LU-HOST,SN2006lu,SN2006lu,09:15:17.630,-25:36:00.29,Ia,data/hst_programs/16741/drc/MAST_2025-09-30T10_42_02.034Z/HST,iepo1w010_drc.fits,data/hst_programs/16741/drc/MAST_2025-09-30T10_42_02.034Z/HST/iepo1w010_drc.fits,0.053268,corez_zobs
SN2006OB-HOST,SN2006ob,SN2006ob,01:51:48.110,+00:15:48.31,Ia,data/hst_programs/16741/drc/MAST_2025-09-30T10_42_02.034Z/HST,iepo1x010_drc.fits,data/hst_programs/16741/drc/MAST_2025-09-30T10_42_02.034Z/HST/iepo1x010_drc.fits,0.059106,corez_zobs
SN2006OS-HOST,SN2006os,SN2006os,02:55:01.010,+16:00:34.81,Ia,data/hst_programs/16741/drc/MAST_2025-09-30T10_42_02.034Z/HST,iepo11010_drc.fits,data/hst_programs/16741/drc/MAST_2025-09-30T10_42_02.034Z/HST/iepo11010_drc.fits,0.033221,corez_zobs
SN2006OT-HOST,SN2006ot,SN2006ot,02:15:04.841,-20:45:58.21,Ia-06bt,data/hst_programs/16741/drc/MAST_2025-09-30T10_42_02.034Z/HST,iepo09010_drc.fits,data/hst_programs/16741/drc/MAST_2025-09-30T10_42_02.034Z/HST/iepo09010_drc.fits,0.053689,corez_zobs
SN2006PY-HOST,SN2006py,SN2006py,22:41:42.050,-00:08:12.91,Ia,data/hst_programs/17179/drc/MAST_2025-08-10T09_44_38.398Z/HST,if0g3p010_drc.fits,data/hst_programs/17179/drc/MAST_2025-08-10T09_44_38.398Z/HST/if0g3p010_drc.fits,0.057823,corez_zobs
SN2007S-HOST,SN2007S,SN2007S,10:00:31.260,+04:24:26.21,Ia-91T,data/hst_programs/17179/drc/MAST_2025-08-10T09_44_38.398Z/HST,if0g78010_drc.fits,data/hst_programs/17179/drc/MAST_2025-08-10T09_44_38.398Z/HST/if0g78010_drc.fits,0.013924,corez_zobs
SN2007AI-HOST,SN2007ai,SN2007ai,16:12:53.741,-21:37:48.68,Ia-91T,data/hst_programs/16741/drc/MAST_2025-09-30T10_42_02.034Z/HST,iepo2a010_drc.fits,data/hst_programs/16741/drc/MAST_2025-09-30T10_42_02.034Z/HST/iepo2a010_drc.fits,0.031798,corez_zobs
SN2007AL-HOST,SN2007al,SN2007al,09:59:18.480,-19:28:25.79,Ia-91bg,data/hst_programs/17179/drc/MAST_2025-08-10T09_44_38.398Z/HST,if0g3q010_drc.fits,data/hst_programs/17179/drc/MAST_2025-08-10T09_44_38.398Z/HST/if0g3q010_drc.fits,0.012204,corez_zobs
SN2007AS-HOST,SN2007as,SN2007as,09:27:36.010,-80:10:39.22,Ia,data/hst_programs/16741/drc/MAST_2025-09-30T10_42_02.034Z/HST,iepo2b010_drc.fits,data/hst_programs/16741/drc/MAST_2025-09-30T10_42_02.034Z/HST/iepo2b010_drc.fits,0.017075,corez_zobs
SN2007BA-HOST,SN2007ba,SN2007ba,15:16:42.631,+07:23:47.80,Ia-91bg,data/hst_programs/17179/drc/MAST_2025-08-10T09_44_38.398Z/HST,if0g77010_drc.fits,data/hst_programs/17179/drc/MAST_2025-08-10T09_44_38.398Z/HST/if0g77010_drc.fits,0.038237,corez_zobs
SN2007BC-HOST,SN2007bc,SN2007bc,11:19:14.570,+20:48:32.51,Ia,data/hst_programs/16741/drc/MAST_2025-09-30T10_42_02.034Z/HST,iepo2d010_drc.fits,data/hst_programs/16741/drc/MAST_2025-09-30T10_42_02.034Z/HST/iepo2d010_drc.fits,0.020638,corez_zobs
SN2007BM-HOST,SN2007bm,SN2007bm,11:25:02.299,-09:47:53.81,Ia,data/hst_programs/16741/drc/MAST_2025-09-30T10_42_02.034Z/HST,iepo2e010_drc.fits,data/hst_programs/16741/drc/MAST_2025-09-30T10_42_02.034Z/HST/iepo2e010_drc.fits,0.00622,corez_zobs
SN2007CA-HOST,SN2007ca,SN2007ca,13:31:05.810,-15:06:06.59,Ia,data/hst_programs/16741/drc/MAST_2025-09-30T10_42_02.034Z/HST,iepo2f010_drc.fits,data/hst_programs/16741/drc/MAST_2025-09-30T10_42_02.034Z/HST/iepo2f010_drc.fits,0.014131,corez_zobs
SN2007CQ-HOST,SN2007cq,SN2007cq,22:14:40.430,+05:04:48.90,Ia,data/hst_programs/16741/drc/MAST_2025-09-30T10_42_02.034Z/HST,iepo3p010_drc.fits,data/hst_programs/16741/drc/MAST_2025-09-30T10_42_02.034Z/HST/iepo3p010_drc.fits,0.025966,corez_zobs
SN2007FB-HOST,SN2007fb,SN2007fb,23:56:52.370,+05:30:31.79,Ia,data/hst_programs/17179/drc/MAST_2025-08-10T09_44_38.398Z/HST,if0g55010_drc.fits,data/hst_programs/17179/drc/MAST_2025-08-10T09_44_38.398Z/HST/if0g55010_drc.fits,0.018062,corez_zobs
SN2007FS-HOST,SN2007fs,SN2007fs,22:01:40.440,-21:30:29.59,Ia,data/hst_programs/17179/drc/MAST_2025-08-10T09_44_38.398Z/HST,if0g56010_drc.fits,data/hst_programs/17179/drc/MAST_2025-08-10T09_44_38.398Z/HST/if0g56010_drc.fits,0.017281,corez_zobs
SN2007HJ-HOST,SN2007hj,SN2007hj,23:01:47.890,+15:35:11.40,Ia,data/hst_programs/16741/drc/MAST_2025-09-30T10_42_02.034Z/HST,iepo41010_drc.fits,data/hst_programs/16741/drc/MAST_2025-09-30T10_42_02.034Z/HST/iepo41010_drc.fits,0.014132,corez_zobs
SN2007HX-HOST,SN2007hx,SN2007hx,02:06:27.079,-00:53:58.31,Ia,data/hst_programs/17179/drc/MAST_2025-08-10T09_44_38.398Z/HST,if0g3r010_drc.fits,data/hst_programs/17179/drc/MAST_2025-08-10T09_44_38.398Z/HST/if0g3r010_drc.fits,0.079109,corez_zobs
SN2007IF-HOST,SN2007if,SN2007if,01:10:51.37,+15:27:39.89,Ia-03fg,data/hst_programs/17179/drc/MAST_2025-08-10T09_44_38.398Z/HST,if0g3s010_drc.fits,data/hst_programs/17179/drc/MAST_2025-08-10T09_44_38.398Z/HST/if0g3s010_drc.fits,0.075163,corez_zobs
SN2007JG-HOST,SN2007jg,SN2007jg,03:29:50.82,+00:03:24.60,Ia,data/hst_programs/17179/drc/MAST_2025-08-10T09_44_38.398Z/HST,if0g3t010_drc.fits,data/hst_programs/17179/drc/MAST_2025-08-10T09_44_38.398Z/HST/if0g3t010_drc.fits,0.037085,corez_zobs
SN2007JH-HOST,SN2007jh,SN2007jh,03:36:01.54,+01:06:12.20,Ia-86G,data/hst_programs/17179/drc/MAST_2025-08-10T09_44_38.398Z/HST,if0g3u010_drc.fits,data/hst_programs/17179/drc/MAST_2025-08-10T09_44_38.398Z/HST/if0g3u010_drc.fits,0.040759,corez_zobs
SN2007LE-HOST,SN2007le,SN2007le,23:38:48.410,-06:31:21.29,Ia,data/hst_programs/16741/drc/MAST_2025-09-30T10_42_02.034Z/HST,iepo2h010_drc.fits,data/hst_programs/16741/drc/MAST_2025-09-30T10_42_02.034Z/HST/iepo2h010_drc.fits,0.006678,corez_zobs
SN2007MM-HOST,SN2007mm,SN2007mm,01:05:46.670,-00:45:31.79,Ia-86G,data/hst_programs/17179/drc/MAST_2025-08-10T09_44_38.398Z/HST,if0g3v010_drc.fits,data/hst_programs/17179/drc/MAST_2025-08-10T09_44_38.398Z/HST/if0g3v010_drc.fits,0.06649,corez_zobs
SN2007OL-HOST,SN2007ol,SN2007ol,01:37:23.700,-00:18:43.20,Ia,data/hst_programs/17179/drc/MAST_2025-08-10T09_44_38.398Z/HST,if0g3w010_drc.fits,data/hst_programs/17179/drc/MAST_2025-08-10T09_44_38.398Z/HST/if0g3w010_drc.fits,0.056024,corez_zobs
SN2011IV-HOST,SN2011iv,SN2007on,03:38:51.350,-35:35:31.99,Ia,data/hst_programs/16741/drc/MAST_2025-09-30T10_42_02.034Z/HST,iepo3e010_drc.fits,data/hst_programs/16741/drc/MAST_2025-09-30T10_42_02.034Z/HST/iepo3e010_drc.fits,0.006501,corez_zobs
SN2007ON-HOST,SN2007on,SN2007on,03:38:50.899,-35:34:30.00,Ia,data/hst_programs/16741/drc/MAST_2025-09-30T10_42_02.034Z/HST,iepo4k010_drc.fits,data/hst_programs/16741/drc/MAST_2025-09-30T10_42_02.034Z/HST/iepo4k010_drc.fits,0.006501,corez_zobs
SN2007SO-HOST,SN2007so,SN2007so,02:47:43.130,+13:15:14.80,Ia,data/hst_programs/17179/drc/MAST_2025-08-10T09_44_38.398Z/HST,if0g3x010_drc.fits,data/hst_programs/17179/drc/MAST_2025-08-10T09_44_38.398Z/HST/if0g3x010_drc.fits,0.029367,corez_zobs
SN2007ST-HOST,SN2007st,SN2007st,01:48:42.470,-48:38:57.80,Ia,data/hst_programs/17179/drc/MAST_2025-08-10T09_44_38.398Z/HST,if0g80010_drc.fits,data/hst_programs/17179/drc/MAST_2025-08-10T09_44_38.398Z/HST/if0g80010_drc.fits,0.021109,corez_zobs
SN20080612-HOST,SNF20080612-003,SN20080612,16:15:28.39,+19:13:35.90,Ia,data/hst_programs/17179/drc/MAST_2025-08-10T09_44_38.398Z/HST,if0g3y010_drc.fits,data/hst_programs/17179/drc/MAST_2025-08-10T09_44_38.398Z/HST/if0g3y010_drc.fits,0.032656,corez_zobs
SN2008J-HOST,SN2008J,SN2008J,02:34:24.199,-10:50:38.51,Ia-CSM,data/hst_programs/17179/drc/MAST_2025-08-10T09_44_38.398Z/HST,if0g84010_drc.fits,data/hst_programs/17179/drc/MAST_2025-08-10T09_44_38.398Z/HST/if0g84010_drc.fits,0.016054,corez_zobs
SN2008O-HOST,SN2008O,SN2008O,06:57:34.459,-45:48:44.32,Ia,data/hst_programs/17179/drc/MAST_2025-08-10T09_44_38.398Z/HST,if0g4i010_drc.fits,data/hst_programs/17179/drc/MAST_2025-08-10T09_44_38.398Z/HST/if0g4i010_drc.fits,0.038937,corez_zobs
SN2008R-HOST,SN2008R,SN2008R,03:03:53.70,-11:59:39.40,Ia-91bg,data/hst_programs/17179/drc/MAST_2025-08-10T09_44_38.398Z/HST,if0g4j010_drc.fits,data/hst_programs/17179/drc/MAST_2025-08-10T09_44_38.398Z/HST/if0g4j010_drc.fits,0.013413,corez_zobs
SN2008AE-HOST,SN2008ae,SN2008ae,09:56:03.199,+10:29:58.810,Ia-02cx,data/hst_programs/17179/drc/MAST_2025-08-10T09_44_38.398Z/HST,if0g59010_drc.fits,data/hst_programs/17179/drc/MAST_2025-08-10T09_44_38.398Z/HST/if0g59010_drc.fits,0.030062,corez_zobs
SN2008AR-HOST,SN2008ar,SN2008ar,12:24:37.920,+10:50:17.41,Ia,data/hst_programs/16741/drc/MAST_2025-09-30T10_42_02.034Z/HST,iepo2l010_drc.fits,data/hst_programs/16741/drc/MAST_2025-09-30T10_42_02.034Z/HST/iepo2l010_drc.fits,0.026085,corez_zobs
SN2008BC-HOST,SN2008bc,SN2008bc,09:38:31.229,-63:58:25.61,Ia,data/hst_programs/17179/drc/MAST_2025-08-10T09_44_38.398Z/HST,if0g3z010_drc.fits,data/hst_programs/17179/drc/MAST_2025-08-10T09_44_38.398Z/HST/if0g3z010_drc.fits,0.014825,corez_zobs
SN2008BD-HOST,SN2008bd,SN2008bd,10:18:23.321,-13:06:11.20,Ia-91bg,data/hst_programs/17179/drc/MAST_2025-08-10T09_44_38.398Z/HST,if0g4a010_drc.fits,data/hst_programs/17179/drc/MAST_2025-08-10T09_44_38.398Z/HST/if0g4a010_drc.fits,0.029861,corez_zobs
SN2008BQ-HOST,SN2008bq,SN2008bq,06:41:02.510,-38:02:19.00,Ia,data/hst_programs/16741/drc/MAST_2025-09-30T10_42_02.034Z/HST,iepo2m010_drc.fits,data/hst_programs/16741/drc/MAST_2025-09-30T10_42_02.034Z/HST/iepo2m010_drc.fits,0.034099,corez_zobs
SN2008BT-HOST,SN2008bt,SN2008bt,10:50:16.88,-12:06:32.00,Ia-91bg,data/hst_programs/17179/drc/MAST_2025-08-10T09_44_38.398Z/HST,if0g82010_drc.fits,data/hst_programs/17179/drc/MAST_2025-08-10T09_44_38.398Z/HST/if0g82010_drc.fits,0.015431,corez_zobs
SN2008CC-HOST,SN2008cc,SN2008cc,21:03:29.621,-67:11:01.10,Ia,data/hst_programs/16741/drc/MAST_2025-09-30T10_42_02.034Z/HST,iepo4l010_drc.fits,data/hst_programs/16741/drc/MAST_2025-09-30T10_42_02.034Z/HST/iepo4l010_drc.fits,0.010487,corez_zobs
SN2008CF-HOST,SN2008cf,SN2008cf,14:07:32.561,-26:33:06.59,Ia,data/hst_programs/17179/drc/MAST_2025-08-10T09_44_38.398Z/HST,if0g4c010_drc.fits,data/hst_programs/17179/drc/MAST_2025-08-10T09_44_38.398Z/HST/if0g4c010_drc.fits,0.047234,corez_zobs
SN2008FF-HOST,SN2008ff,SN2008ff,20:13:59.959,-44:21:07.81,Ia,data/hst_programs/16741/drc/MAST_2025-09-30T10_42_02.034Z/HST,iepo1z010_drc.fits,data/hst_programs/16741/drc/MAST_2025-09-30T10_42_02.034Z/HST/iepo1z010_drc.fits,0.01923,corez_zobs
SN2008FL-HOST,SN2008fl,SN2008fl,19:36:44.839,-37:33:04.50,Ia,data/hst_programs/17179/drc/MAST_2025-08-10T09_44_38.398Z/HST,if0g4e010_drc.fits,data/hst_programs/17179/drc/MAST_2025-08-10T09_44_38.398Z/HST/if0g4e010_drc.fits,0.020429,corez_zobs
SN2008FP-HOST,SN2008fp,SN2008fp,07:16:32.599,-29:19:31.69,Ia,data/hst_programs/16741/drc/MAST_2025-09-30T10_42_02.034Z/HST,iepo1m010_drc.fits,data/hst_programs/16741/drc/MAST_2025-09-30T10_42_02.034Z/HST/iepo1m010_drc.fits,0.005361,corez_zobs
SN2008FR-HOST,SN2008fr,SN2008fr,01:11:49.14,+14:38:27.00,Ia,data/hst_programs/17179/drc/MAST_2025-08-10T09_44_38.398Z/HST,if0g4f010_drc.fits,data/hst_programs/17179/drc/MAST_2025-08-10T09_44_38.398Z/HST/if0g4f010_drc.fits,0.039399,corez_zobs
SN2008FU-HOST,SN2008fu,SN2008fu,03:02:28.500,-24:27:21.49,Ia,data/hst_programs/17179/drc/MAST_2025-08-10T09_44_38.398Z/HST,if0g83010_drc.fits,data/hst_programs/17179/drc/MAST_2025-08-10T09_44_38.398Z/HST/if0g83010_drc.fits,0.052437,corez_zobs
SN2008GE-HOST,SN2008ge,SN2008ge,04:08:24.679,-47:53:47.40,Ia-02cx,data/hst_programs/17179/drc/MAST_2025-08-10T09_44_38.398Z/HST,if0g63010_drc.fits,data/hst_programs/17179/drc/MAST_2025-08-10T09_44_38.398Z/HST/if0g63010_drc.fits,0.003835,corez_zobs
SN2008GG-HOST,SN2008gg,SN2008gg,01:25:23.040,-18:10:20.78,Ia,data/hst_programs/16741/drc/MAST_2025-09-30T10_42_02.034Z/HST,iepo3r010_drc.fits,data/hst_programs/16741/drc/MAST_2025-09-30T10_42_02.034Z/HST/iepo3r010_drc.fits,0.031942,corez_zobs
SN2008HJ-HOST,SN2008hj,SN2008hj,00:04:01.910,-11:10:07.50,Ia,data/hst_programs/16741/drc/MAST_2025-09-30T10_42_02.034Z/HST,iepo2r010_drc.fits,data/hst_programs/16741/drc/MAST_2025-09-30T10_42_02.034Z/HST/iepo2r010_drc.fits,0.037579,corez_zobs
SN2008HU-HOST,SN2008hu,SN2008hu,08:09:14.760,-18:39:13.10,Ia,data/hst_programs/17179/drc/MAST_2025-08-10T09_44_38.398Z/HST,if0g4g010_drc.fits,data/hst_programs/17179/drc/MAST_2025-08-10T09_44_38.398Z/HST/if0g4g010_drc.fits,0.050006,corez_zobs
SN2008IA-HOST,SN2008ia,SN2008ia,08:50:35.150,-61:16:40.58,Ia,data/hst_programs/17179/drc/MAST_2025-08-10T09_44_38.398Z/HST,if0g4h010_drc.fits,data/hst_programs/17179/drc/MAST_2025-08-10T09_44_38.398Z/HST/if0g4h010_drc.fits,0.022248,corez_zobs
SN2009D-HOST,SN2009D,SN2009D,03:54:22.829,-19:10:54.19,Ia,data/hst_programs/16741/drc/MAST_2025-09-30T10_42_02.034Z/HST,iepo75010_drc.fits,data/hst_programs/16741/drc/MAST_2025-09-30T10_42_02.034Z/HST/iepo75010_drc.fits,0.025128,corez_zobs
SN2009F-HOST,SN2009F,SN2009F,04:59:23.56,-11:07:50.10,Ia-91bg,data/hst_programs/16741/drc/MAST_2025-09-30T10_42_02.034Z/HST,iepo4n010_drc.fits,data/hst_programs/16741/drc/MAST_2025-09-30T10_42_02.034Z/HST/iepo4n010_drc.fits,0.012714,corez_zobs
SN2009I-HOST,SN2009I,SN2009I,02:45:10.399,-04:42:49.39,Ia,data/hst_programs/16741/drc/MAST_2025-09-30T10_42_02.034Z/HST,iepo2w010_drc.fits,data/hst_programs/16741/drc/MAST_2025-09-30T10_42_02.034Z/HST/iepo2w010_drc.fits,0.02611,corez_zobs
SN2009J-HOST,SN2009J,SN2009J,05:55:21.130,-76:55:20.78,Ia-02cx,data/hst_programs/17179/drc/MAST_2025-08-10T09_44_38.398Z/HST,if0g4n010_drc.fits,data/hst_programs/17179/drc/MAST_2025-08-10T09_44_38.398Z/HST/if0g4n010_drc.fits,0.015755,corez_zobs
SN2009AA-HOST,SN2009aa,SN2009aa,11:23:42.281,-22:16:14.48,Ia,data/hst_programs/17179/drc/MAST_2025-08-10T09_44_38.398Z/HST,if0g85010_drc.fits,data/hst_programs/17179/drc/MAST_2025-08-10T09_44_38.398Z/HST/if0g85010_drc.fits,0.027255,corez_zobs
SN2009AB-HOST,SN2009ab,SN2009ab,04:16:36.39,+02:45:51.00,Ia,data/hst_programs/16741/drc/MAST_2025-09-30T10_42_02.034Z/HST,iepo2u010_drc.fits,data/hst_programs/16741/drc/MAST_2025-09-30T10_42_02.034Z/HST/iepo2u010_drc.fits,0.011134,corez_zobs
SN2009AG-HOST,SN2009ag,SN2009ag,07:11:40.810,-26:41:06.29,Ia,data/hst_programs/17179/drc/MAST_2025-08-10T09_44_38.398Z/HST,if0g4k010_drc.fits,data/hst_programs/17179/drc/MAST_2025-08-10T09_44_38.398Z/HST/if0g4k010_drc.fits,0.008625,corez_zobs
SN2009AL-HOST,SN2009al,SN2009al,10:51:22.07,+08:34:42.70,Ia,data/hst_programs/17179/drc/MAST_2025-08-10T09_44_38.398Z/HST,if0g4l010_drc.fits,data/hst_programs/17179/drc/MAST_2025-08-10T09_44_38.398Z/HST/if0g4l010_drc.fits,0.022105,corez_zobs
SN2009IG-HOST,SN2009ig,SN2009ig,02:38:11.611,-01:18:45.11,Ia,data/hst_programs/16741/drc/MAST_2025-09-30T10_42_02.034Z/HST,iepo2x010_drc.fits,data/hst_programs/16741/drc/MAST_2025-09-30T10_42_02.034Z/HST/iepo2x010_drc.fits,0.008867,corez_zobs
SN2009JR-HOST,SN2009jr,SN2009jr,20:26:26.030,+02:54:33.01,Ia,data/hst_programs/16741/drc/MAST_2025-09-30T10_42_02.034Z/HST,iepo2y010_drc.fits,data/hst_programs/16741/drc/MAST_2025-09-30T10_42_02.034Z/HST/iepo2y010_drc.fits,0.016527,corez_zobs
SN2009LE-HOST,SN2009le,SN2009le,02:09:17.141,-23:24:44.78,Ia,data/hst_programs/16741/drc/MAST_2025-09-30T10_42_02.034Z/HST,iepo2z010_drc.fits,data/hst_programs/16741/drc/MAST_2025-09-30T10_42_02.034Z/HST/iepo2z010_drc.fits,0.017868,corez_zobs
SN2009MZ-HOST,SN2009mz,SN2009mz,14:03:24.641,-06:03:31.28,Ia,data/hst_programs/16741/drc/MAST_2025-09-30T10_42_02.034Z/HST,iepo3a010_drc.fits,data/hst_programs/16741/drc/MAST_2025-09-30T10_42_02.034Z/HST/iepo3a010_drc.fits,0.008579,corez_zobs
SN2009NR-HOST,SN2009nr,SN2009nr,13:10:58.949,+11:29:29.29,Ia,data/hst_programs/17179/drc/MAST_2025-08-10T09_44_38.398Z/HST,if0g4o010_drc.fits,data/hst_programs/17179/drc/MAST_2025-08-10T09_44_38.398Z/HST/if0g4o010_drc.fits,0.011224,corez_zobs
SN2010AE-HOST,SN2010ae,SN2010ae,07:15:54.650,-57:20:36.89,Ia-02cx,data/hst_programs/17179/drc/MAST_2025-08-10T09_44_38.398Z/HST,if0g68010_drc.fits,data/hst_programs/17179/drc/MAST_2025-08-10T09_44_38.398Z/HST/if0g68010_drc.fits,0.003669,corez_zobs
SN2010DL-HOST,SN2010dl,SN2010dl,21:35:00.970,-00:30:47.81,Ia,data/hst_programs/17179/drc/MAST_2025-08-10T09_44_38.398Z/HST,if0g4p010_drc.fits,data/hst_programs/17179/drc/MAST_2025-08-10T09_44_38.398Z/HST/if0g4p010_drc.fits,0.030154,corez_zobs
SN2010EV-HOST,SN2010ev,SN2010ev,10:25:28.990,-39:49:51.20,Ia,data/hst_programs/16741/drc/MAST_2025-09-30T10_42_02.034Z/HST,iepo3c010_drc.fits,data/hst_programs/16741/drc/MAST_2025-09-30T10_42_02.034Z/HST/iepo3c010_drc.fits,0.009206,corez_zobs
SN2010KO-HOST,SN2010ko,SN2010ko,05:32:49.440,-14:05:45.89,Ia-91bg,data/hst_programs/17179/drc/MAST_2025-08-10T09_44_38.398Z/HST,if0g4q010_drc.fits,data/hst_programs/17179/drc/MAST_2025-08-10T09_44_38.398Z/HST/if0g4q010_drc.fits,0.048177,corez_zobs
SN2011Z-HOST,SN2011Z,SN2011Z,13:30:43.039,-20:57:14.00,Ia-91bg,data/hst_programs/17179/drc/MAST_2025-08-10T09_44_38.398Z/HST,if0g4v010_drc.fits,data/hst_programs/17179/drc/MAST_2025-08-10T09_44_38.398Z/HST/if0g4v010_drc.fits,0.018361,corez_zobs
SN2011CE-HOST,SN2011ce,SN2011ce,18:55:35.839,-53:43:29.10,Ia-02cx,data/hst_programs/17179/drc/MAST_2025-08-10T09_44_38.398Z/HST,if0g4r010_drc.fits,data/hst_programs/17179/drc/MAST_2025-08-10T09_44_38.398Z/HST/if0g4r010_drc.fits,0.008652,corez_zobs
SN2011GF-HOST,SN2011gf,SN2011gf,21:12:24.269,-07:48:52.09,Ia,data/hst_programs/17179/drc/MAST_2025-08-10T09_44_38.398Z/HST,if0g4s010_drc.fits,data/hst_programs/17179/drc/MAST_2025-08-10T09_44_38.398Z/HST/if0g4s010_drc.fits,0.027647,corez_zobs
SN2011HA-HOST,SN2011ha,SN2011ha,03:57:40.870,+10:09:55.19,Ia,data/hst_programs/17179/drc/MAST_2025-08-10T09_44_38.398Z/HST,if0g4t010_drc.fits,data/hst_programs/17179/drc/MAST_2025-08-10T09_44_38.398Z/HST/if0g4t010_drc.fits,0.093963,corez_zobs
SN2011IO-HOST,SN2011io,SN2011io,23:02:47.599,+08:48:09.79,Ia,data/hst_programs/17179/drc/MAST_2025-08-10T09_44_38.398Z/HST,if0g4u010_drc.fits,data/hst_programs/17179/drc/MAST_2025-08-10T09_44_38.398Z/HST/if0g4u010_drc.fits,0.041409,corez_zobs
SN2011JH-HOST,SN2011jh,SN2011jh,12:47:14.419,-10:03:47.30,Ia,data/hst_programs/16741/drc/MAST_2025-09-30T10_42_02.034Z/HST,iepo3f010_drc.fits,data/hst_programs/16741/drc/MAST_2025-09-30T10_42_02.034Z/HST/iepo3f010_drc.fits,0.007865,corez_zobs
SN2011JT-HOST,SN2011jt,SN2011jt,14:53:23.011,+02:57:43.09,Ia,data/hst_programs/16741/drc/MAST_2025-09-30T10_42_02.034Z/HST,iepo3h010_drc.fits,data/hst_programs/16741/drc/MAST_2025-09-30T10_42_02.034Z/HST/iepo3h010_drc.fits,0.027828,corez_zobs
SN2012E-HOST,SN2012E,SN2012E,02:33:22.790,+09:35:05.60,Ia,data/hst_programs/17179/drc/MAST_2025-08-10T09_44_38.398Z/HST,if0g93010_drc.fits,data/hst_programs/17179/drc/MAST_2025-08-10T09_44_38.398Z/HST/if0g93010_drc.fits,0.0203,corez_zobs
SN2012G-HOST,SN2012G,SN2012G,12:39:35.100,+16:35:11.90,Ia-91T,data/hst_programs/16741/drc/MAST_2025-09-30T10_42_02.034Z/HST,iepo3n010_drc.fits,data/hst_programs/16741/drc/MAST_2025-09-30T10_42_02.034Z/HST/iepo3n010_drc.fits,0.025947,corez_zobs
SN2012U-HOST,SN2012U,SN2012U,02:06:04.33,-55:11:37.50,Ia,data/hst_programs/16741/drc/MAST_2025-09-30T10_42_02.034Z/HST,iepo3s010_drc.fits,data/hst_programs/16741/drc/MAST_2025-09-30T10_42_02.034Z/HST/iepo3s010_drc.fits,0.019913,corez_zobs
SN2012Z-HOST,SN2012Z,SN2012Z,03:22:05.350,-15:23:15.61,Ia-02cx,data/hst_programs/16741/drc/MAST_2025-09-30T10_42_02.034Z/HST,iepo3t010_drc.fits,data/hst_programs/16741/drc/MAST_2025-09-30T10_42_02.034Z/HST/iepo3t010_drc.fits,0.007093,corez_zobs
SN2012AQ-HOST,SN2012aq,SN2012aq,14:54:05.13,+22:05:40.60,Ia-91T,data/hst_programs/17179/drc/MAST_2025-08-10T09_44_38.398Z/HST,if0g4w010_drc.fits,data/hst_programs/17179/drc/MAST_2025-08-10T09_44_38.398Z/HST/if0g4w010_drc.fits,0.045937,corez_zobs
SN2012FK-HOST,SN2012fk,SN2012fk,02:30:52.039,+22:28:45.91,Ia,data/hst_programs/17179/drc/MAST_2025-08-10T09_44_38.398Z/HST,if0g57010_drc.fits,data/hst_programs/17179/drc/MAST_2025-08-10T09_44_38.398Z/HST/if0g57010_drc.fits,0.031669,corez_zobs
SN2012FW-HOST,SN2012fw,SN2012fw,21:01:58.990,-48:16:25.90,Ia,data/hst_programs/16741/drc/MAST_2025-09-30T10_42_02.034Z/HST,iepo3i010_drc.fits,data/hst_programs/16741/drc/MAST_2025-09-30T10_42_02.034Z/HST/iepo3i010_drc.fits,0.018761,corez_zobs
SN2012GM-HOST,SN2012gm,SN2012gm,23:17:37.030,+14:00:08.89,Ia,data/hst_programs/16741/drc/MAST_2025-09-30T10_42_02.034Z/HST,iepo3o010_drc.fits,data/hst_programs/16741/drc/MAST_2025-09-30T10_42_02.034Z/HST/iepo3o010_drc.fits,0.014711,corez_zobs
SN2012HR-HOST,SN2012hr,SN2012hr,06:21:38.460,-59:42:50.62,Ia,data/hst_programs/16741/drc/MAST_2025-09-30T10_42_02.034Z/HST,iepo3q010_drc.fits,data/hst_programs/16741/drc/MAST_2025-09-30T10_42_02.034Z/HST/iepo3q010_drc.fits,0.008,corez_zobs
SN2013M-HOST,SN2013M,SN2013M,13:59:56.681,-37:51:49.39,Ia,data/hst_programs/16741/drc/MAST_2025-09-30T10_42_02.034Z/HST,iepo4f010_drc.fits,data/hst_programs/16741/drc/MAST_2025-09-30T10_42_02.034Z/HST/iepo4f010_drc.fits,0.034956,corez_zobs
SN2013AA-HOST,SN2013aa,SN2013aa,14:32:33.881,-44:13:27.80,Ia,data/hst_programs/16741/drc/MAST_2025-09-30T10_42_02.034Z/HST,iepo3u010_drc.fits,data/hst_programs/16741/drc/MAST_2025-09-30T10_42_02.034Z/HST/iepo3u010_drc.fits,0.003999,corez_zobs
SN2013AD-HOST,SN2013ad,SN2013ad,03:38:41.04,+10:18:27.22,Ia-91T,data/hst_programs/16741/drc/MAST_2025-09-30T10_42_02.034Z/HST,iepo3v010_drc.fits,data/hst_programs/16741/drc/MAST_2025-09-30T10_42_02.034Z/HST/iepo3v010_drc.fits,0.036468,corez_zobs
SN2013AJ-HOST,SN2013aj,SN2013aj,13:54:00.679,-07:55:43.79,Ia,data/hst_programs/17179/drc/MAST_2025-08-10T09_44_38.398Z/HST,if0g98010_drc.fits,data/hst_programs/17179/drc/MAST_2025-08-10T09_44_38.398Z/HST/if0g98010_drc.fits,0.009085,corez_zobs
SN2013AZ-HOST,SN2013az,SN2013az,05:39:52.130,-40:30:28.12,Ia,data/hst_programs/16741/drc/MAST_2025-09-30T10_42_02.034Z/HST,iepo3y010_drc.fits,data/hst_programs/16741/drc/MAST_2025-09-30T10_42_02.034Z/HST/iepo3y010_drc.fits,0.037147,corez_zobs
SN2013BZ-HOST,SN2013bz,SN2013bz,13:26:51.319,-10:01:32.20,Ia-91T,data/hst_programs/16741/drc/MAST_2025-09-30T10_42_02.034Z/HST,iepo3z010_drc.fits,data/hst_programs/16741/drc/MAST_2025-09-30T10_42_02.034Z/HST/iepo3z010_drc.fits,0.019384,corez_zobs
SN2013CS-HOST,SN2013cs,SN2013cs,13:15:14.810,-17:57:55.58,Ia,data/hst_programs/17179/drc/MAST_2025-08-10T09_44_38.398Z/HST,if0g73010_drc.fits,data/hst_programs/17179/drc/MAST_2025-08-10T09_44_38.398Z/HST/if0g73010_drc.fits,0.00922,corez_zobs
SN2013CT-HOST,SN2013ct,SN2013ct,01:12:54.92,+00:58:45.70,Ia,data/hst_programs/16741/drc/MAST_2025-09-30T10_42_02.034Z/HST,iepo4b010_drc.fits,data/hst_programs/16741/drc/MAST_2025-09-30T10_42_02.034Z/HST/iepo4b010_drc.fits,0.003905,corez_zobs
SN2013FY-HOST,SN2013fy,SN2013fy,21:37:27.120,-47:01:54.80,Ia,data/hst_programs/16741/drc/MAST_2025-09-30T10_42_02.034Z/HST,iepo4c010_drc.fits,data/hst_programs/16741/drc/MAST_2025-09-30T10_42_02.034Z/HST/iepo4c010_drc.fits,0.031013,corez_zobs
SN2013GR-HOST,SN2013gr,SN2013gr,01:46:27.900,-58:40:23.81,Ia-02cx,data/hst_programs/17179/drc/MAST_2025-08-10T09_44_38.398Z/HST,if0g75010_drc.fits,data/hst_programs/17179/drc/MAST_2025-08-10T09_44_38.398Z/HST/if0g75010_drc.fits,0.007355,corez_zobs
SN2013GY-HOST,SN2013gy,SN2013gy,03:42:16.88,-04:43:18.48,Ia,data/hst_programs/16741/drc/MAST_2025-09-30T10_42_02.034Z/HST,iepo4e010_drc.fits,data/hst_programs/16741/drc/MAST_2025-09-30T10_42_02.034Z/HST/iepo4e010_drc.fits,0.014001,corez_zobs
SN2014Z-HOST,SN2014Z,SN2014Z,01:44:07.99,-61:07:07.40,Ia,data/hst_programs/16741/drc/MAST_2025-09-30T10_42_02.034Z/HST,iepo4m010_drc.fits,data/hst_programs/16741/drc/MAST_2025-09-30T10_42_02.034Z/HST/iepo4m010_drc.fits,0.021258,corez_zobs
SN2014AO-HOST,SN2014ao,SN2014ao,08:34:33.319,-02:32:36.10,Ia,data/hst_programs/16741/drc/MAST_2025-09-30T10_42_02.034Z/HST,iepo4g010_drc.fits,data/hst_programs/16741/drc/MAST_2025-09-30T10_42_02.034Z/HST/iepo4g010_drc.fits,0.013961,corez_zobs
SN2014AT-HOST,SN2014at,SN2014at,21:46:14.820,-46:31:21.11,Ia-91T,data/hst_programs/16741/drc/MAST_2025-09-30T10_42_02.034Z/HST,iepo4h010_drc.fits,data/hst_programs/16741/drc/MAST_2025-09-30T10_42_02.034Z/HST/iepo4h010_drc.fits,0.031741,corez_zobs
SN2014CR-HOST,SN2014cr,SN2014cr,19:37:06.130,-42:17:50.50,Ia-02cx,data/hst_programs/16741/drc/MAST_2025-09-30T10_42_02.034Z/HST,iepo3m010_drc.fits,data/hst_programs/16741/drc/MAST_2025-09-30T10_42_02.034Z/HST/iepo3m010_drc.fits,0.019007,corez_zobs
SN2014DM-HOST,SN2014dm,SN2014dm,04:08:07.130,-08:49:37.20,Ia,data/hst_programs/16741/drc/MAST_2025-09-30T10_42_02.034Z/HST,iepo4j010_drc.fits,data/hst_programs/16741/drc/MAST_2025-09-30T10_42_02.034Z/HST/iepo4j010_drc.fits,0.03327,corez_zobs
SN2015H-HOST,SN2015H,SN2015H,10:54:42.161,-21:04:13.80,Ia-02cx,data/hst_programs/17179/drc/MAST_2025-08-10T09_44_38.398Z/HST,if0g76010_drc.fits,data/hst_programs/17179/drc/MAST_2025-08-10T09_44_38.398Z/HST/if0g76010_drc.fits,0.012436,corez_zobs
SN2016ECM-HOST,SN2016ecm,SN2016ecm,02:20:14.500,-40:53:05.10,Ia,data/hst_programs/17179/drc/MAST_2025-08-10T09_44_38.398Z/HST,if0g04010_drc.fits,data/hst_programs/17179/drc/MAST_2025-08-10T09_44_38.398Z/HST/if0g04010_drc.fits,0.059606,corez_zobs
SN2021BMW-HOST,SN2021bmw,SN2021bmw,13:47:39.708,-29:25:54.64,II,data/hst_programs/17179/drc/MAST_2025-08-10T09_44_38.398Z/HST,if0g09010_drc.fits,data/hst_programs/17179/drc/MAST_2025-08-10T09_44_38.398Z/HST/if0g09010_drc.fits,0.012782,corez_zobs
SN2022VQZ-HOST,SN2022vqz,ZTF22abhrjld,00:51:05.782,+29:32:12.16,Ia-02es,data/hst_programs/17179/drc/MAST_2025-08-10T09_44_38.398Z/HST,if0g15010_drc.fits,data/hst_programs/17179/drc/MAST_2025-08-10T09_44_38.398Z/HST/if0g15010_drc.fits,0.016875,corez_zobs
IPTF13DGE-HOST,iPTF13dge,iPTF13dge,05:03:35.08,+01:34:17.40,Ia,data/hst_programs/16741/drc/MAST_2025-09-30T10_42_02.034Z/HST,iepo46010_drc.fits,data/hst_programs/16741/drc/MAST_2025-09-30T10_42_02.034Z/HST/iepo46010_drc.fits,0.015892,corez_zobs
IPTF13DKL-HOST,iPTF13dkl,iPTF13dkl,23:44:57.99,+03:23:40.30,Ia,data/hst_programs/17179/drc/MAST_2025-08-10T09_44_38.398Z/HST,if0g1m010_drc.fits,data/hst_programs/17179/drc/MAST_2025-08-10T09_44_38.398Z/HST/if0g1m010_drc.fits,0.051757,corez_zobs
IPTF13DYT-HOST,iPTF13dyt,iPTF13dyt,05:01:48.26,+02:41:49.70,Ia,data/hst_programs/16741/drc/MAST_2025-09-30T10_42_02.034Z/HST,iepo48010_drc.fits,data/hst_programs/16741/drc/MAST_2025-09-30T10_42_02.034Z/HST/iepo48010_drc.fits,0.111413,corez_zobs
IPTF13EFE-HOST,iPTF13efe,iPTF13efe,08:43:39.30,+16:10:37.30,Ia,data/hst_programs/17179/drc/MAST_2025-08-10T09_44_38.398Z/HST,if0g1n010_drc.fits,data/hst_programs/17179/drc/MAST_2025-08-10T09_44_38.398Z/HST/if0g1n010_drc.fits,0.074954,corez_zobs
IPTF14AJE-HOST,iPTF14aje,iPTF14aje,15:25:12.07,-01:48:51.50,Ia,data/hst_programs/16741/drc/MAST_2025-09-30T10_42_02.034Z/HST,iepo49010_drc.fits,data/hst_programs/16741/drc/MAST_2025-09-30T10_42_02.034Z/HST/iepo49010_drc.fits,0.027577,corez_zobs
IPTF14ANS-HOST,SN2014ey,iPTF14ans,15:04:29.972,+02:19:51.25,Ia-02cx,data/hst_programs/17179/drc/MAST_2025-08-10T09_44_38.398Z/HST,if0g11010_drc.fits,data/hst_programs/17179/drc/MAST_2025-08-10T09_44_38.398Z/HST/if0g11010_drc.fits,0.03198,corez_zobs
IPTF14YY-HOST,iPTF14yy,iPTF14yy,12:26:09.17,+09:58:44.20,Ia,data/hst_programs/16741/drc/MAST_2025-09-30T10_42_02.034Z/HST,iepo52010_drc.fits,data/hst_programs/16741/drc/MAST_2025-09-30T10_42_02.034Z/HST/iepo52010_drc.fits,0.043117,corez_zobs
SN2009EV-A-HOST,SN2009ev,SN2009ev,13:14:17.580,-42:58:48.79,Ia,data/hst_programs/17179/drc/MAST_2025-08-10T09_44_38.398Z/HST,if0g4m010_drc.fits,data/hst_programs/17179/drc/MAST_2025-08-10T09_44_38.398Z/HST/if0g4m010_drc.fits,0.011838,corez_zobs
NGC4984-HOST,SN2011iy,SN2011iy,13:08:58.390,-15:31:04.12,Ia,data/hst_programs/16741/drc/MAST_2025-09-30T10_42_02.034Z/HST,iepo0m010_drc.fits,data/hst_programs/16741/drc/MAST_2025-09-30T10_42_02.034Z/HST/iepo0m010_drc.fits,0.00423,corez_zobs
3C029-HOST,SN2010jo,UGC00595,00:57:35.580,-01:23:33.40,Ia,data/hst_programs/17179/drc/MAST_2025-08-10T09_44_38.398Z/HST,if0g0h010_drc.fits,data/hst_programs/17179/drc/MAST_2025-08-10T09_44_38.398Z/HST/if0g0h010_drc.fits,0.044971,corez_zobs
AM2353-291-HOST,SN2019fkq,SN2019fkq,359.101625,-29.023781,SN Ia,data/hst_programs/17179/drc/MAST_2025-08-10T09_44_38.398Z/HST,if0g0i010_drc.fits,data/hst_programs/17179/drc/MAST_2025-08-10T09_44_38.398Z/HST/if0g0i010_drc.fits,0.045,tns_redshift
ASAS14lq-HOST,ASAS14lq,ASASSN-14LQ,344.330875,-20.966878,,data/hst_downloads/additional_f275w_bestexptime/mastDownload/HST/hst_14779_05_wfc3_uvis_f275w_id7605,hst_14779_05_wfc3_uvis_f275w_id7605_drc.fits,data/hst_downloads/additional_f275w_bestexptime/mastDownload/HST/hst_14779_05_wfc3_uvis_f275w_id7605/hst_14779_05_wfc3_uvis_f275w_id7605_drc.fits,0.026173,CSPII_SNooPy_raw
ASAS14lw-HOST,ASAS14lw,ASASSN-14LW,16.704875,-46.983322,,data/hst_downloads/additional_f275w_bestexptime/mastDownload/HST/hst_14779_06_wfc3_uvis_f275w_id7606,hst_14779_06_wfc3_uvis_f275w_id7606_drc.fits,data/hst_downloads/additional_f275w_bestexptime/mastDownload/HST/hst_14779_06_wfc3_uvis_f275w_id7606/hst_14779_06_wfc3_uvis_f275w_id7606_drc.fits,0.020886,CSPII_SNooPy_raw
CSP12G-HOST,CSP12G,CSS121114090202101800-HOST,135.509750,10.300028,,data/hst_downloads/additional_f275w_bestexptime/mastDownload/HST/hst_skycell-p1534x03y12_wfc3_uvis_f275w_all,hst_skycell-p1534x03y12_wfc3_uvis_f275w_all_drc.fits,data/hst_downloads/additional_f275w_bestexptime/mastDownload/HST/hst_skycell-p1534x03y12_wfc3_uvis_f275w_all/hst_skycell-p1534x03y12_wfc3_uvis_f275w_all_drc.fits,0.036974,CSPII_SNooPy_raw
CSP14abn-HOST,CSP14abn,CSP14ABN-HOST,209.017458,-43.586083,,data/hst_downloads/additional_f275w_bestexptime/mastDownload/HST/hst_skycell-p0458x03y04_wfc3_uvis_f275w_all,hst_skycell-p0458x03y04_wfc3_uvis_f275w_all_drc.fits,data/hst_downloads/additional_f275w_bestexptime/mastDownload/HST/hst_skycell-p0458x03y04_wfc3_uvis_f275w_all/hst_skycell-p0458x03y04_wfc3_uvis_f275w_all_drc.fits,0.0225,CSPII_SNooPy_raw
CSP14acy-HOST,CSP14acy,OGLE-2014-SN-107,10.619792,-64.764167,,data/hst_downloads/additional_f275w_bestexptime/mastDownload/HST/hst_14779_19_wfc3_uvis_f275w_id7619,hst_14779_19_wfc3_uvis_f275w_id7619_drc.fits,data/hst_downloads/additional_f275w_bestexptime/mastDownload/HST/hst_14779_19_wfc3_uvis_f275w_id7619/hst_14779_19_wfc3_uvis_f275w_id7619_drc.fits,0.066374,CSPII_SNooPy_raw
LSQ12fvl-HOST,LSQ12fvl,LSQ12FVL-HOST,75.208500,-38.653197,,data/hst_downloads/additional_f275w_bestexptime/mastDownload/HST/hst_skycell-p0502x10y08_wfc3_uvis_f275w_all,hst_skycell-p0502x10y08_wfc3_uvis_f275w_all_drc.fits,data/hst_downloads/additional_f275w_bestexptime/mastDownload/HST/hst_skycell-p0502x10y08_wfc3_uvis_f275w_all/hst_skycell-p0502x10y08_wfc3_uvis_f275w_all_drc.fits,0.05593,CSPII_SNooPy_raw
LSQ13aiz-HOST,LSQ13aiz,SN2013CS-HOST,198.811708,-17.965458,,data/hst_downloads/additional_f275w_bestexptime/mastDownload/HST/hst_skycell-p0927x03y11_wfc3_uvis_f275w_all,hst_skycell-p0927x03y11_wfc3_uvis_f275w_all_drc.fits,data/hst_downloads/additional_f275w_bestexptime/mastDownload/HST/hst_skycell-p0927x03y11_wfc3_uvis_f275w_all/hst_skycell-p0927x03y11_wfc3_uvis_f275w_all_drc.fits,0.0092,CSPII_SNooPy_raw
PTF11pbp-HOST,PTF11pbp,SN2011HB-HOST,351.981333,8.779167,,data/hst_downloads/additional_f275w_bestexptime/mastDownload/HST/hst_skycell-p1588x11y06_wfc3_uvis_f275w_all,hst_skycell-p1588x11y06_wfc3_uvis_f275w_all_drc.fits,data/hst_downloads/additional_f275w_bestexptime/mastDownload/HST/hst_skycell-p1588x11y06_wfc3_uvis_f275w_all/hst_skycell-p1588x11y06_wfc3_uvis_f275w_all_drc.fits,0.028903,CSPII_SNooPy_raw
PTF11pra-HOST,PTF11pra,PTF11PRA-HOST,34.690875,-6.641944,,data/hst_downloads/additional_f275w_bestexptime/mastDownload/HST/hst_skycell-p1152x18y08_wfc3_uvis_f275w_all,hst_skycell-p1152x18y08_wfc3_uvis_f275w_all_drc.fits,data/hst_downloads/additional_f275w_bestexptime/mastDownload/HST/hst_skycell-p1152x18y08_wfc3_uvis_f275w_all/hst_skycell-p1152x18y08_wfc3_uvis_f275w_all_drc.fits,0.017543,CSPII_SNooPy_raw
PTF11qnr-HOST,PTF11qnr,PTF11QNR-HOST,341.106042,-0.167222,,data/hst_downloads/additional_f275w_bestexptime/mastDownload/HST/hst_16287_36_wfc3_uvis_f275w_iebj36,hst_16287_36_wfc3_uvis_f275w_iebj36_drc.fits,data/hst_downloads/additional_f275w_bestexptime/mastDownload/HST/hst_16287_36_wfc3_uvis_f275w_iebj36/hst_16287_36_wfc3_uvis_f275w_iebj36_drc.fits,0.016217,CSPII_SNooPy_raw
PTF14fpg-HOST,PTF14fpg,PTF14FPG,7.050000,7.162083,,data/hst_downloads/additional_f275w_bestexptime/mastDownload/HST/hst_14779_55_wfc3_uvis_f275w_id7655,hst_14779_55_wfc3_uvis_f275w_id7655_drc.fits,data/hst_downloads/additional_f275w_bestexptime/mastDownload/HST/hst_14779_55_wfc3_uvis_f275w_id7655/hst_14779_55_wfc3_uvis_f275w_id7655_drc.fits,0.034,CSPII_SNooPy_raw
PTF14gnl-HOST,PTF14gnl,PTF14GNL,5.951375,-3.857750,,data/hst_downloads/additional_f275w_bestexptime/mastDownload/HST/hst_14779_52_wfc3_uvis_f275w_id7652,hst_14779_52_wfc3_uvis_f275w_id7652_drc.fits,data/hst_downloads/additional_f275w_bestexptime/mastDownload/HST/hst_14779_52_wfc3_uvis_f275w_id7652/hst_14779_52_wfc3_uvis_f275w_id7652_drc.fits,0.05369,CSPII_SNooPy_raw
SN2006X-HOST,SN2006X,NGC-4321,185.724958,15.809194,,data/hst_downloads/additional_f275w_bestexptime/mastDownload/HST/hst_15654_27_wfc3_uvis_f275w_idxr27,hst_15654_27_wfc3_uvis_f275w_idxr27_drc.fits,data/hst_downloads/additional_f275w_bestexptime/mastDownload/HST/hst_15654_27_wfc3_uvis_f275w_idxr27/hst_15654_27_wfc3_uvis_f275w_idxr27_drc.fits,0.005237,CSPII_SNooPy_raw
SN2007af-HOST,SN2007af,SN2007AF-HOST,215.587625,-0.393778,,data/hst_downloads/additional_f275w_bestexptime/mastDownload/HST/hst_16287_28_wfc3_uvis_f275w_iebj28,hst_16287_28_wfc3_uvis_f275w_iebj28_drc.fits,data/hst_downloads/additional_f275w_bestexptime/mastDownload/HST/hst_16287_28_wfc3_uvis_f275w_iebj28/hst_16287_28_wfc3_uvis_f275w_iebj28_drc.fits,0.00546,CSPII_SNooPy_raw
SN2007nq-HOST,SN2007nq,3C029-HOST,14.389875,-1.388611,,data/hst_programs/17179/drc/MAST_2025-08-10T09_44_38.398Z/HST,if0g0h010_drc.fits,data/hst_programs/17179/drc/MAST_2025-08-10T09_44_38.398Z/HST/if0g0h010_drc.fits,0.045,CSPII_SNooPy_raw
SN2008ha-HOST,SN2008ha,SN2008HA,353.719542,18.226500,,data/hst_downloads/additional_f275w_bestexptime/mastDownload/HST/hst_14668_42_wfc3_uvis_f275w_id9642,hst_14668_42_wfc3_uvis_f275w_id9642_drc.fits,data/hst_downloads/additional_f275w_bestexptime/mastDownload/HST/hst_14668_42_wfc3_uvis_f275w_id9642/hst_14668_42_wfc3_uvis_f275w_id9642_drc.fits,0.004643,CSPII_SNooPy_raw
SN2012bl-HOST,SN2012bl,SN2012BL,305.980333,-48.354806,,data/hst_downloads/additional_f275w_bestexptime/mastDownload/HST/hst_12582_05_wfc3_uvis_f275w_ibxb05,hst_12582_05_wfc3_uvis_f275w_ibxb05_drc.fits,data/hst_downloads/additional_f275w_bestexptime/mastDownload/HST/hst_12582_05_wfc3_uvis_f275w_ibxb05/hst_12582_05_wfc3_uvis_f275w_ibxb05_drc.fits,0.018693,CSPII_SNooPy_raw
SN2012fr-HOST,SN2012fr,NGC-1365-N,53.400417,-36.126111,,data/hst_downloads/additional_f275w_bestexptime/mastDownload/HST/hst_15654_09_wfc3_uvis_f275w_idxr09,hst_15654_09_wfc3_uvis_f275w_idxr09_drc.fits,data/hst_downloads/additional_f275w_bestexptime/mastDownload/HST/hst_15654_09_wfc3_uvis_f275w_idxr09/hst_15654_09_wfc3_uvis_f275w_idxr09_drc.fits,0.005453,CSPII_SNooPy_raw
SN2013fz-HOST,SN2013fz,PSNJ0423-5136,65.943500,-51.596194,,data/hst_downloads/additional_f275w_bestexptime/mastDownload/HST/hst_15166_57_wfc3_uvis_f275w_idi157,hst_15166_57_wfc3_uvis_f275w_idi157_drc.fits,data/hst_downloads/additional_f275w_bestexptime/mastDownload/HST/hst_15166_57_wfc3_uvis_f275w_idi157/hst_15166_57_wfc3_uvis_f275w_idi157_drc.fits,0.020593,CSPII_SNooPy_raw
SN2014I-HOST,SN2014I,SN2014I,85.582500,-25.544417,,data/hst_downloads/additional_f275w_bestexptime/mastDownload/HST/hst_14779_44_wfc3_uvis_f275w_id7644,hst_14779_44_wfc3_uvis_f275w_id7644_drc.fits,data/hst_downloads/additional_f275w_bestexptime/mastDownload/HST/hst_14779_44_wfc3_uvis_f275w_id7644/hst_14779_44_wfc3_uvis_f275w_id7644_drc.fits,0.029993,CSPII_SNooPy_raw
SN2015F-HOST,SN2015F,SN2015F,114.065667,-69.506389,,data/hst_downloads/additional_f275w_bestexptime/mastDownload/HST/hst_14779_41_wfc3_uvis_f275w_id7641,hst_14779_41_wfc3_uvis_f275w_id7641_drc.fits,data/hst_downloads/additional_f275w_bestexptime/mastDownload/HST/hst_14779_41_wfc3_uvis_f275w_id7641/hst_14779_41_wfc3_uvis_f275w_id7641_drc.fits,0.004887,CSPII_SNooPy_raw
SN1999CL-HOST,SN1999cl,NGC4501,187.98337,14.426472,Ia,data/hst_downloads/additional_f275w_bestexptime/mastDownload/HST/hst_18103_28_wfc3_uvis_f275w_ifoq28,hst_18103_28_wfc3_uvis_f275w_ifoq28_drc.fits,data/hst_downloads/additional_f275w_bestexptime/mastDownload/HST/hst_18103_28_wfc3_uvis_f275w_ifoq28/hst_18103_28_wfc3_uvis_f275w_ifoq28_drc.fits,0.0075870743899125,saints_photometry
SN2014DT-HOST,SN2014dt,NGC4303,185.48988,4.4718060,Ia-02cx,data/hst_downloads/additional_f275w_bestexptime/mastDownload/HST/hst_14779_70_wfc3_uvis_f275w_id7670,hst_14779_70_wfc3_uvis_f275w_id7670_drc.fits,data/hst_downloads/additional_f275w_bestexptime/mastDownload/HST/hst_14779_70_wfc3_uvis_f275w_id7670/hst_14779_70_wfc3_uvis_f275w_id7670_drc.fits,0.005224,saints_photometry
SN2020NVB-HOST,SN2020nvb,NGC4457,187.244917,3.572781,Ia,data/hst_downloads/additional_f275w_bestexptime/mastDownload/HST/hst_17502_22_wfc3_uvis_f275w_ifab22,hst_17502_22_wfc3_uvis_f275w_ifab22_drc.fits,data/hst_downloads/additional_f275w_bestexptime/mastDownload/HST/hst_17502_22_wfc3_uvis_f275w_ifab22/hst_17502_22_wfc3_uvis_f275w_ifab22_drc.fits,0.0029013445787122,saints_photometry
